Age,Sex,Length,Diameter,Height,Weight,ShuckedWeight,VisceraWeight,ShellWeight
18,F,1.1625,0.875,0.325,14.004653,5.51397775,2.9199985,4.3941725
10,F,1.5375,1.1375,0.3625,31.62386725,14.30232275,6.747181,8.9300925
9,F,1.8625,1.425,0.5375,63.786375,32.78619675,12.643877,15.819021
13,F,1.5625,1.1875,0.325,24.36639525,9.05766525,5.03203625,6.80388
10,F,1.525,1.1875,0.4,31.62386725,10.87203325,6.3219385,10.7444605
9,F,1.6,1.2625,0.4375,37.37881575,17.53416575,8.561549,9.39785925
11,F,1.8875,1.5625,0.525,71.0154975,33.92017675,14.5432935,19.23513575
10,F,1.55,1.25,0.425,32.545226,15.52135125,6.23689,9.39785925
11,F,1.15,0.95,0.325,18.1153305,8.50485,4.32329875,4.53592
9,F,1.625,1.1875,0.4125,39.33493125,16.44271,9.87980075,8.77417025
10,F,1.1625,0.9,0.3,13.50853675,5.443104,3.18931875,4.53592
9,F,1.15,0.8875,0.325,12.984071,5.443104,2.99087225,3.685435
15,F,1.3,1,0.325,17.70426275,6.0951425,5.85417175,4.819415
11,F,1.6125,1.2625,0.4125,37.364641,15.592225,8.54737425,9.4970825
11,F,1.725,1.3375,0.4625,51.766187,22.5945515,11.5949455,14.1464005
12,F,1.6125,1.2,0.475,38.8671645,19.63202875,8.23552975,9.922325
13,F,1.55,1.25,0.4375,32.488527,13.5227115,6.520385,11.056305
9,F,1.6375,1.3,0.5,43.87085125,20.2131935,8.901743,13.210867
9,F,1.2625,0.975,0.325,19.107563,8.97261675,3.9972795,5.06038575
11,F,1.525,1.225,0.425,38.20095125,19.97222275,7.087375,8.63242275
11,F,1.425,1.125,0.4375,27.08794725,10.77281,4.72019175,8.3631025
10,F,1.45,1.1375,0.3,30.43318825,13.5794105,7.75358825,7.5126175
10,F,0.925,0.7,0.275,6.53455975,2.67902775,1.31825175,2.1262125
9,F,1.225,1,0.2875,16.1308655,7.257472,3.75630875,4.1106775
9,F,1.125,0.9,0.2625,13.36678925,5.76912325,2.65067825,4.2240755
10,F,0.9875,0.7375,0.2375,6.36446275,2.211261,1.530873,2.26796
11,F,1.775,1.375,0.425,45.756093,21.0636785,9.7805775,12.757275
21,F,1.225,0.9125,0.325,19.37688325,4.6776675,3.72795925,5.8116475
10,F,1.1,0.85,0.325,11.89261525,4.3374735,3.27436725,3.685435
7,F,1.1625,0.8875,0.2875,13.33843975,5.54232725,3.345241,3.572037
10,F,1.1875,0.9375,0.3125,16.40018575,7.86698625,2.4097075,4.3941725
5,F,0.925,0.6875,0.2125,6.81805475,2.948348,1.51669825,1.984465
16,F,1.6125,1.3,0.525,44.04094825,17.463292,10.36174225,13.437663
15,F,1.6875,1.375,0.45,47.86813075,15.932419,10.50348975,17.0097
11,F,1.175,0.875,0.3625,14.67086625,5.3013565,3.50116325,5.10291
10,F,1.5625,1.2375,0.4125,35.777069,14.3731965,9.015141,11.056305
11,F,1.325,1.1375,0.4125,27.79668475,8.94426725,7.98038425,8.40562675
9,F,1.7875,1.4125,0.45,50.745605,23.926978,10.02154825,15.26620575
10,F,1.6625,1.3125,0.525,46.606578,23.189891,9.62465525,12.11941125
15,F,1.25,0.975,0.325,18.01610725,7.10154975,4.63514325,5.5281525
14,F,1.55,1.2,0.575,31.00017825,11.4248485,6.9456275,10.0640725
10,F,1.7,1.3,0.4625,43.6865795,16.96717575,11.1980525,12.96989625
8,F,1.4375,1.0625,0.375,24.84833675,12.8990225,5.10291,6.463686
9,F,1.6,1.2875,0.5125,43.47395825,18.80989325,9.48290775,11.41067375
10,F,0.95,0.8125,0.275,8.80251975,3.40194,2.097863,2.9766975
13,F,1.7625,1.3625,0.45,43.64405525,17.22232125,10.41844125,13.16834275
12,F,1.525,1.2125,0.375,35.16755475,17.08057375,8.26387925,8.74582075
9,F,1.5125,1.2125,0.4,34.0477495,11.8217415,8.15048125,10.77281
8,F,1.375,1.0625,0.3125,27.328918,15.52135125,4.5075705,6.0951425
20,F,1.25,1,0.4125,20.14231975,7.654365,4.12485225,6.3786375
17,F,1.3875,1.0875,0.4125,27.499015,9.525432,6.56290925,8.3631025
11,F,1.5,1.1875,0.3875,30.0221205,12.5021295,5.386405,11.056305
10,F,1.4375,1.125,0.3375,23.48756075,10.262519,4.69184225,6.690482
8,F,1.4625,1.0875,0.35,19.71707725,8.74582075,3.6570855,6.36446275
6,F,0.8375,0.55,0.175,4.819415,2.154562,1.03475675,1.417475
11,F,1.8,1.4125,0.45,48.7327905,23.99785175,11.5382465,10.98543125
24,F,1.75,1.35,0.5375,56.075311,18.92329125,8.85921875,20.128145
8,F,1.6375,1.325,0.4125,36.38658325,16.5277585,3.55786225,11.3398
11,F,1.6625,1.3,0.4125,47.86813075,20.68096025,11.5382465,12.09106175
10,F,0.9625,0.7875,0.275,8.107957,3.47281375,1.80019325,2.36718325
8,F,1.4875,1.2,0.4,34.28872025,14.81261375,8.391452,9.07184
7,F,0.925,0.7375,0.25,7.61184075,3.30271675,1.587572,2.36718325
10,F,1.4125,1.15,0.375,24.84833675,9.79475225,5.45727875,7.7961125
9,F,1.55,1.1625,0.35,32.89959475,17.02387475,6.22271525,8.7032965
10,F,1.3375,1.0125,0.3625,19.40523275,7.72523875,4.8477645,5.8116475
15,F,1.2,0.925,0.325,16.68368075,7.01650125,4.26659975,4.52174525
8,F,1.4375,1.15,0.4125,30.1922175,14.13222575,6.08096775,7.98038425
11,F,1.7375,1.4125,0.475,49.99434325,21.16290175,11.3114505,14.10387625
11,F,1.45,1.1625,0.3625,27.9667818,13.324265,6.10931725,7.087375
15,F,1.4125,1.125,0.4875,28.44872325,11.509897,7.10154975,8.0796075
11,F,1.2875,1.0625,0.3375,20.184844,7.55514175,4.55009475,7.087375
10,F,1.8,1.4375,0.4875,60.96559975,30.46153775,10.829509,16.5844575
13,F,1.475,1.2125,0.5125,34.91240925,12.82814875,6.747181,11.90679
10,F,1.5375,1.25,0.4125,37.6197865,17.0097,8.54737425,10.0640725
14,F,1.5375,1.1875,0.4125,29.0015385,13.90542975,5.54232725,8.60407325
9,F,1.625,1.225,0.3875,31.808139,15.4504775,6.463686,8.66077225
8,F,1.075,0.8125,0.3,12.6155275,4.6776675,2.82077525,4.3941725
9,F,1.375,1.0625,0.3625,22.5945515,8.4198015,4.252425,7.5126175
10,F,1.55,1.2,0.425,31.31202275,15.1669825,7.087375,8.1363065
9,F,0.825,0.65,0.2,5.6699,1.77184375,1.417475,1.984465
9,F,1.375,1.0375,0.3375,21.64484325,9.015141,5.953395,5.6699
11,F,1.525,1.175,0.4125,33.40988575,16.045817,7.89533575,8.334753
17,F,1.6625,1.3875,0.4875,40.78075575,16.4710595,10.035723,10.20582
12,F,1.6,1.3,0.4375,35.380176,12.03436275,7.35669525,13.60776
10,F,1.45,1.075,0.425,41.95726,18.52639825,9.185238,11.77921725
8,F,1.4625,1.125,0.4,25.64212275,11.4815475,6.27941425,6.61960825
11,F,1.475,1.0375,0.375,24.96173475,10.33339275,6.633783,6.6621325
11,F,1.6875,1.275,0.375,33.92017675,13.4660125,8.618248,10.942907
12,F,1.5375,1.2375,0.4,35.5786225,16.48523425,9.05766525,9.14271375
11,F,1.55,1.2625,0.4,38.90968875,17.81766075,7.7961125,10.44679075
9,F,1.8125,1.45,0.4625,43.1762885,22.80717275,10.19164525,12.40290625
7,F,1.2625,1,0.3125,16.5277585,6.973977,3.685435,4.9611625
11,F,1.5875,1.2125,0.475,39.02308675,17.973583,8.17883075,11.509897
10,F,1.55,1.25,0.375,36.6559035,16.896302,8.88756825,10.035723
10,F,1.7625,1.425,0.4625,49.9234695,21.1770765,10.56018875,13.834556
11,F,1.6375,1.25,0.5125,43.318036,17.61921425,10.56018875,12.85649825
12,F,1.6,1.25,0.425,31.75144,14.04717725,7.49844275,9.07184
13,F,1.5,1.2625,0.475,32.0065855,12.43125575,7.257472,10.20582
9,F,1.325,1.075,0.375,21.0069795,9.2135875,5.25883225,5.556502
10,F,1.4125,1.1125,0.3875,23.416687,9.6671795,5.82582225,7.01650125
10,F,1.6625,1.325,0.45,42.2691045,17.98775775,9.695529,12.3320325
9,F,1.375,1.1125,0.3875,28.08017975,15.422128,5.046211,6.180191
16,F,1.3625,1.0625,0.3125,21.772416,8.334753,4.23825025,7.37087
13,F,1.3,1.0625,0.3625,19.84465,5.8683465,5.40057975,6.80388
12,F,1.725,1.375,0.5,44.4803655,19.4761065,10.41844125,13.04077
7,F,1.3,1.15,0.375,28.8881405,14.8267885,5.62737575,7.200773
10,F,1.1875,0.975,0.3,15.03940975,6.05261825,3.27436725,4.819415
9,F,1.5125,1.1875,0.4375,30.504062,13.1258185,6.22271525,9.4970825
11,F,1.6625,1.2625,0.4,36.61337925,17.8885345,8.29222875,9.07184
9,F,1.5625,1.25,0.4375,36.0889135,15.989118,8.561549,10.602713
9,F,1.525,1.125,0.4,32.205032,11.736693,8.8166945,8.50485
11,F,1.95,1.575,0.5375,75.3246215,42.184056,14.13222575,16.612807
6,F,1.55,1.225,0.4,29.937072,13.9763035,6.917278,7.72523875
12,F,1.3125,1.075,0.3125,23.0481435,9.39785925,4.706017,5.03203625
15,F,1.5875,1.2625,0.425,40.1145425,17.1514475,8.4198015,10.3475675
10,F,1.5625,1.2,0.425,38.34269875,17.67591325,7.881161,10.3475675
10,F,1.575,1.1875,0.3875,28.36367475,12.813974,7.144074,7.5126175
13,F,1.0875,0.875,0.275,10.886208,4.0539785,2.84912475,3.5436875
10,F,1.575,1.225,0.425,34.45881725,13.11164375,5.79747275,8.80251975
9,F,1.225,0.9625,0.4,18.597272,6.95980225,4.8477645,5.8116475
8,F,1.4125,1.125,0.3625,24.08290025,11.94931425,4.77689075,6.3786375
8,F,1.6125,1.2625,0.4125,40.61065875,19.391058,8.731646,9.525432
11,F,1.6125,1.3,0.425,33.9343515,14.911837,8.29222875,8.9867915
13,F,1.375,1.025,0.3625,23.48756075,8.77417025,5.40057975,7.087375
10,F,1.775,1.25,0.375,37.32211675,19.37688325,7.98038425,7.93786
7,F,0.95,0.8,0.2875,18.35630125,9.1568885,3.75630875,4.649318
13,F,1.625,1.275,0.3875,33.7075555,13.6928085,7.881161,10.33339275
10,F,1.425,1.05,0.4,25.16018125,12.23280925,5.42892925,6.3219385
11,F,1.5375,1.225,0.475,32.16250775,13.31009025,7.2858215,9.865626
9,F,1.0125,0.7625,0.2375,9.87980075,4.12485225,2.53728025,2.83495
9,F,1.625,1.2375,0.4,37.15201975,16.3576615,9.39785925,10.0640725
9,F,1.425,1.1,0.475,28.859791,12.6722265,5.8683465,7.5126175
14,F,1.6625,1.3125,0.45,44.74968575,19.220961,6.4920355,12.927372
14,F,1.3125,0.95,0.35,17.19397175,5.499803,4.18155125,5.953395
22,F,1.3,0.9875,0.45,18.14368,4.479221,3.118445,6.9456275
17,F,1.575,1.2,0.4375,38.76794125,14.21727425,8.60407325,14.5999925
16,F,1.3375,1.0625,0.3875,22.01338675,8.561549,4.43669675,7.087375
8,F,1.2625,0.975,0.2875,18.71067,8.63242275,4.40834725,4.9611625
17,F,1.325,1.0625,0.425,26.9036755,9.87980075,6.78970525,7.881161
10,F,1.625,1.3375,0.4375,36.55668025,17.27902025,7.83863675,9.752228
15,F,1.5,1.1875,0.375,28.56212125,12.54465375,6.2652395,7.93786
11,F,1.7625,1.4,0.425,41.31939625,17.2081465,9.015141,12.47378
10,F,1.5375,1.1875,0.3875,28.462898,12.68640125,5.4714535,8.20718025
7,F,1.45,1.0875,0.375,23.7852305,9.87980075,5.8683465,5.443104
9,F,1.5125,1.1375,0.3625,27.71163625,13.267566,5.03203625,7.7961125
7,F,0.9375,0.7375,0.275,8.51902475,3.55786225,1.63009625,2.93417325
9,F,1.6875,1.3,0.4375,42.354153,20.87940675,8.66077225,10.489315
13,F,1.0125,0.775,0.3,8.77417025,3.912231,1.644271,2.6932025
7,F,1.225,0.925,0.2625,14.92601175,7.0590255,2.84912475,4.195726
10,F,1.1,0.85,0.25,12.7856245,5.329706,2.4664065,3.685435
12,F,1.125,0.8625,0.2875,14.061352,5.40057975,3.3168915,3.96893
11,F,1.5375,1.1875,0.4375,33.849303,15.8473705,7.3425205,8.97261675
9,F,1.5375,1.1875,0.425,29.9087225,15.3937785,6.973977,6.64795775
8,F,1.225,0.8875,0.4,24.93338525,9.87980075,6.0951425,8.00873375
7,F,1.0875,0.8125,0.2875,11.09882925,4.365823,2.664853,3.40194
10,F,1.6125,1.3375,0.475,35.13920525,13.267566,6.76135575,12.020188
10,F,1.425,1.175,0.35,24.6924145,10.9145575,5.9817445,6.56290925
9,F,1.2875,1,0.2875,16.386011,5.4147545,4.09650275,4.819415
8,F,1.15,0.9125,0.3125,13.56523575,5.839997,2.96252275,3.9972795
11,F,1.5625,1.1125,0.4,30.900955,13.04077,8.40562675,8.618248
9,F,1.6125,1.3,0.45,36.4291075,16.37183625,9.979024,8.9867915
11,F,1.525,1.2375,0.4,30.8726055,13.2959155,5.613201,10.886208
9,F,1.5875,1.225,0.3875,32.4601775,13.53688625,8.60407325,8.94426725
11,F,1.6,1.25,0.45,42.51007525,16.8112535,8.901743,12.2186345
9,F,1.4875,1.175,0.4125,28.78891725,13.9196045,5.40057975,8.1930055
8,F,1.1375,0.8875,2.825,16.839603,9.412034,3.288542,3.78465825
12,F,1.6,1.2625,0.475,36.18813675,13.70698325,9.298636,11.3398
11,F,1.5,1.25,0.425,32.034935,12.48795475,7.5693165,9.4970825
9,F,1.6625,1.25,0.4375,40.69570725,18.2287285,9.7805775,10.489315
16,F,1.5375,1.2875,0.425,32.31843,12.20445975,6.36446275,11.90679
10,F,1.475,1.1375,0.4375,27.385617,11.0846545,6.95980225,8.788345
10,F,1.5625,1.1875,0.4375,32.41765325,13.48018725,7.01650125,9.8939755
12,F,1.525,1.225,0.425,32.2333815,13.05494475,8.00873375,9.752228
8,F,1.3625,1.1,0.375,26.86115125,10.375917,6.7755305,7.7961125
9,F,1.5625,1.2125,0.5,39.12231,16.57028275,8.561549,11.3681495
8,F,1.45,1.0875,0.375,23.643483,12.133586,4.29494925,6.520385
8,F,1.125,0.9125,0.2875,16.68368075,9.015141,3.4302895,3.75630875
10,F,1.5,1.2,0.4125,32.16250775,12.85649825,7.654365,9.4970825
11,F,1.625,1.2625,0.4125,38.4702715,16.23008875,7.9662095,12.190285
9,F,1.4375,1.15,0.4,31.2694985,15.252031,6.2652395,7.0590255
15,F,1.3,1,0.3,18.46969925,7.3992195,5.71242425,4.6776675
9,F,1.5625,1.225,0.275,32.205032,14.92601175,5.42892925,8.29222875
9,F,1.6375,1.15,0.4,42.354153,19.54698025,9.3836845,5.17378375
12,F,1.575,1.2625,0.4125,30.1922175,13.02659525,6.123492,8.9300925
9,F,1.075,0.875,0.225,11.2547515,4.46504625,2.5231055,3.40194
14,F,1.425,1.1375,0.4125,30.03629525,12.47378,6.22271525,8.0796075
9,F,1.6875,1.325,0.4875,42.48172575,17.57669,10.6310625,12.0485375
11,F,1.625,1.2625,0.4125,32.88542,13.56523575,7.767763,9.8939755
11,F,1.5875,1.2125,0.3875,30.4190135,13.2392165,5.59902625,9.922325
9,F,1.5375,1.1875,0.3875,29.1149365,12.6722265,7.087375,8.0796075
8,F,0.95,0.7625,0.2375,7.98038425,3.55786225,1.48834875,2.551455
12,F,1.0125,0.8125,0.275,10.13494625,4.1106775,2.05533875,3.118445
9,F,1.3125,1.0625,0.4,23.68600725,10.04989775,6.05261825,6.9456275
11,F,1.875,1.375,0.4875,51.95045875,23.530085,10.375917,12.47378
9,F,1.4125,1.1,0.375,24.4656185,12.3320325,4.2240755,7.654365
13,F,1.4,1.0875,0.3125,24.87668625,9.48290775,6.08096775,8.221355
9,F,1.3875,1.0125,0.3,25.8830935,12.99824575,5.556502,5.85417175
14,F,1.5875,1.3375,0.475,35.210079,16.329312,7.01650125,11.056305
11,F,1.6375,1.3625,0.4625,49.8667705,19.46193175,8.8733935,15.5071765
14,F,1.55,1.275,0.5125,38.20095125,13.53688625,7.27164675,13.60776
13,F,1.4875,1.25,0.45,29.8520235,12.48795475,5.443104,11.056305
13,F,1.55,1.2125,0.4125,33.055517,13.6928085,6.747181,10.0640725
11,F,1.7375,1.3375,0.5,44.94813225,18.9091165,9.468733,13.3526145
11,F,1.45,1.1375,0.3,26.64853,11.3114505,7.2858215,7.5126175
12,F,1.6375,1.3625,0.4125,45.99706375,18.58309725,8.4765005,14.5432935
11,F,1.45,1.1625,0.4125,31.22697425,11.453198,5.93922025,9.922325
10,F,1.6375,1.2625,0.4125,38.7537665,16.54193325,9.96484925,11.226402
16,F,1.5625,1.3125,0.5375,44.69298675,14.50076925,7.35669525,18.8524175
11,F,1.575,1.2375,0.5,40.41221225,18.6823205,9.525432,10.77281
17,F,1.5625,1.2125,0.475,33.29648775,12.43125575,6.53455975,11.90679
11,F,1.5375,1.3125,0.3875,29.44095575,12.1052365,6.56290925,9.7805775
11,F,1.8125,1.325,0.475,49.0871593,23.530085,11.283101,11.4815475
12,F,1.775,1.325,0.4875,53.14113775,19.15008725,11.52407175,19.43358225
10,F,1.4375,1.05,0.475,50.008518,25.911443,10.6877615,11.60912025
10,F,1.6375,1.2625,0.4375,36.58502975,17.59086475,8.40562675,9.241937
8,F,1.425,1.0625,0.325,22.169309,10.47514025,4.94698775,5.57067675
12,F,1.675,1.375,0.475,39.41997975,15.37960375,8.60407325,11.3398
11,F,1.5875,1.2625,0.4125,35.4652245,16.3576615,6.4353365,10.84368375
9,F,1.4,1.0625,0.3125,26.421734,10.2341695,6.0384435,9.4970825
10,F,1.25,1,0.3125,16.34348675,6.78970525,3.572037,5.2446575
8,F,1.375,1.075,0.3125,26.1665885,11.43902325,4.9611625,8.0229085
10,F,1.525,1.2375,0.4375,35.81959325,15.025235,8.9300925,9.79475225
13,F,1.55,1.1875,0.4375,28.81726675,12.34620725,6.066793,9.2135875
11,F,1.525,1.2125,0.425,31.19862475,14.52911875,6.4920355,8.6465975
19,F,1.5,1.1875,0.45,33.46658475,12.31785775,7.01650125,12.0485375
11,F,1.5625,1.25,0.4,34.5013415,16.23008875,5.8683465,10.0640725
11,F,1.1,0.8625,0.2625,12.14776075,4.6776675,2.3530085,3.742134
12,F,1.3,1.0125,0.3125,18.24290325,6.84640425,4.91863825,5.953395
10,F,1.475,1.1625,0.425,29.55435375,13.13999325,6.80388,7.654365
13,F,1.75,1.4375,0.5125,50.95822625,20.68096025,11.15552825,14.64251675
7,F,1.2625,0.975,0.3125,15.43630275,6.973977,4.252425,3.98310475
12,F,1.125,0.9,0.275,12.6722265,5.7549485,2.324659,3.685435
18,F,1.25,1.0125,0.35,19.09338825,7.5126175,3.515338,7.087375
16,F,1.6875,1.3375,0.4,39.972795,16.782904,9.00096625,11.90679
8,F,1.6125,1.225,0.4,32.431828,14.21727425,8.1930055,9.0434905
14,F,1.425,1.15,0.425,31.18445,11.69416875,6.25106475,10.77281
16,F,1.425,1.0875,0.35,22.92057075,9.17106325,5.1879585,6.23689
9,F,1.5,1.2125,0.3625,21.999212,10.04989775,4.49339575,6.7755305
10,F,1.175,0.8875,0.25,13.48018725,4.74854125,2.28213475,5.2446575
9,F,1.575,1.2375,0.3625,32.5168765,15.46465225,7.540967,8.17883075
8,F,1.55,1.0875,0.3875,28.689694,13.5227115,6.690482,7.7961125
10,F,1.3875,1.1,0.35,23.983677,9.808927,4.86193925,7.75358825
10,F,1.625,1.275,0.4625,38.9805625,15.0535845,10.886208,11.29727575
11,F,1.75,1.3875,0.55,47.230267,18.3421265,12.14776075,12.8990225
13,F,1.4875,1.2375,0.5875,38.725417,14.35902175,6.2085405,14.74174
8,F,1.2625,1.1875,0.4,31.62386725,14.4298955,6.7755305,8.68912175
13,F,1.7375,1.3125,0.5125,51.55356575,23.2182405,11.41067375,12.82814875
10,F,1.2875,0.9875,0.4125,21.44639675,5.40057975,4.819415,9.08601475
9,F,1.325,0.9875,0.2875,16.11669075,7.0590255,3.89805625,4.5642695
11,F,1.8125,1.4,0.4625,50.802304,24.7491135,10.4042665,12.3320325
21,F,1.675,1.3375,0.4625,45.2741515,17.78931125,9.922325,13.324265
9,F,1.4,1.1375,0.4,27.4139665,12.82814875,5.8683465,7.767763
13,F,1.3375,1,0.375,22.80717275,9.48290775,6.02426875,5.953395
19,F,1.375,1.1,0.375,25.35862775,8.91591775,4.2807745,9.07184
7,F,0.7625,0.5625,0.175,4.20990075,1.65844575,0.94970825,1.2757275
8,F,1.4625,1.1375,0.325,24.81998725,11.6516445,5.85417175,6.3786375
9,F,1.4,1.05,0.45,47.18774275,21.98503725,9.922325,12.82814875
8,F,1.475,1.1375,0.3625,30.1355185,14.61416725,6.93145275,7.087375
12,F,1.1875,0.9125,0.325,13.62193475,5.40057975,3.231843,4.18155125
11,F,1.6,1.2125,0.4625,40.24211525,19.09338825,9.82310175,9.22776225
12,F,1.475,1.1625,0.375,28.2644515,11.113004,6.973977,9.63883
10,F,1.55,1.2,0.4125,29.5685285,13.70698325,6.2652395,8.788345
13,F,1.35,1.0875,0.4375,25.287754,9.128539,4.932813,9.4970825
10,F,1.7125,1.325,0.425,42.82191975,20.93610575,9.99319875,10.56018875
15,F,1.5125,1.1875,0.3625,28.87396575,13.31009025,6.3786375,7.654365
9,F,1.5125,1.25,0.4625,31.70891575,13.2959155,7.32834575,9.4970825
11,F,1.1125,0.8375,0.35,12.94154675,5.06038575,3.231843,3.96893
14,F,1.5125,1.2375,0.425,35.11085575,14.968536,6.98815175,11.056305
14,F,1.15,0.9125,0.2875,12.71475075,4.6776675,2.3530085,4.819415
10,F,1.5125,1.2125,0.4,29.95124675,10.489315,6.67630725,10.0640725
15,F,1.5875,1.2375,0.4875,36.7693015,15.762322,8.46232575,10.489315
10,F,1.5875,1.25,0.375,39.008912,18.41300025,10.2341695,8.788345
19,F,1.45,1.1,0.4375,30.4190135,11.35397475,6.64795775,9.4970825
21,F,1.4,1.1375,0.3125,26.7335785,9.752228,3.6570855,10.6310625
10,F,0.875,0.6875,0.1625,5.8116475,2.11203775,1.31825175,1.984465
14,F,1.2125,0.9125,0.35,17.56251525,7.35669525,4.09650275,5.0178615
12,F,1.6375,1.2875,0.5,42.354153,20.56756225,8.7599955,11.4815475
11,F,1.6875,1.35,0.525,45.1607535,19.447757,9.015141,12.757275
13,F,1.1625,0.975,0.275,18.01610725,5.14543425,4.4508715,6.3786375
11,F,1.7625,1.3625,0.425,44.79221,18.24290325,12.94154675,7.5126175
11,F,1.3,1.0125,0.35,19.60367925,7.824462,3.8838815,6.0951425
10,F,1.6125,1.2,0.425,32.16250775,14.968536,7.200773,8.6465975
22,F,1.4625,1.125,0.425,24.62154075,9.42620875,4.63514325,7.654365
13,F,1.1875,1,0.2875,15.3370795,5.273007,2.90582375,5.953395
11,F,1.575,1.2375,0.4125,37.06697125,16.9813505,8.051258,8.9300925
10,F,0.9625,0.7625,0.3125,8.901743,4.139027,1.57339725,2.26796
4,F,1.5875,1.2375,0.4375,35.02580725,14.75591475,8.74582075,9.8372765
10,F,1.7375,1.375,0.3875,52.43240025,21.7440665,12.530479,11.83591625
10,F,1.625,1.3,0.4875,36.3157095,16.96717575,6.973977,10.84368375
12,F,1.4875,1.1625,0.35,31.5529935,14.67086625,6.917278,8.6465975
9,F,1.425,1.075,0.4,22.9914445,10.98543125,4.5075705,6.47786075
10,F,1.5,1.175,0.475,32.16250775,13.947954,7.35669525,9.56795625
12,F,1.7625,1.3375,0.45,47.7689075,19.6462035,11.90679,11.46737275
12,F,1.475,1.1375,0.4125,32.9137695,10.77281,6.95980225,7.93786
15,F,1.4,1.0875,0.4625,31.354547,11.963489,6.90310325,9.355335
14,F,1.45,1.1875,0.3375,26.2232875,11.0846545,4.6776675,7.7961125
9,F,1.325,1.05,0.3375,19.1926115,7.27164675,4.01145425,5.953395
10,F,1.1375,0.9375,0.3125,12.984071,5.62737575,3.1467945,3.40194
12,F,1.8,1.4375,0.5375,59.53395,24.28134675,13.67863375,17.066399
10,F,1.0375,0.7625,0.2625,10.21999475,3.40194,2.324659,2.83495
11,F,1.575,1.2875,0.4,37.874932,15.6772735,9.08601475,9.922325
9,F,1.375,1.075,0.35,22.97726975,10.432616,4.5642695,7.7961125
14,F,1.25,1.1,0.3875,21.035329,5.74077375,5.68407475,5.99591925
11,F,1.6375,1.2625,0.4875,40.83745475,19.504456,10.78698475,10.2908685
16,F,1.5,1.2,0.375,29.1716355,11.58077075,7.66853975,8.3631025
10,F,1.6875,1.425,0.5625,44.9906565,20.9502805,8.49067525,12.3320325
10,F,1.475,1.1375,0.375,27.669112,13.1825175,5.82582225,7.83863675
15,F,1.775,1.4375,0.4375,44.0834725,18.32795175,10.50348975,14.74174
11,F,1.5875,1.3,0.4125,38.00250475,14.35902175,8.391452,11.679994
10,F,1.2375,0.9625,0.3375,18.78154375,8.51902475,4.63514325,5.2446575
9,F,1.5625,1.2125,0.4,35.550273,16.7545545,7.3425205,9.87980075
8,F,1.175,0.9375,0.3,17.05222425,7.83863675,4.12485225,3.8271825
23,F,1.225,0.9625,0.375,22.29688175,6.8322295,3.96893,6.80388
10,F,1.5625,1.2125,0.4375,38.612019,19.17843675,7.41339425,10.50348975
14,F,1.425,1.1625,0.3875,24.720764,9.19941275,6.7755305,8.0796075
9,F,1.4375,1.1625,0.35,27.158821,12.530479,5.14543425,7.66853975
10,F,1.45,1.0625,0.3875,24.7491135,10.24834425,7.0590255,6.7755305
13,F,1.6875,1.375,0.4375,47.8823055,19.674553,10.5176645,13.437663
11,F,1.3625,1.025,0.3125,19.66037825,8.43397625,4.139027,5.953395
10,F,1.7375,1.375,0.4625,47.5988105,22.8213475,11.38232425,11.24057675
12,F,1.8,1.4125,0.425,45.7277435,20.4966885,9.22776225,14.01882775
8,F,1.5125,1.2,0.35,28.0943545,13.42348825,6.64795775,6.80388
8,F,1.575,1.25,0.45,33.92017675,14.571643,6.59125875,11.32562525
10,F,1.7375,1.4,0.4625,50.22113925,23.23241525,9.3836845,12.3887315
7,F,1.3125,1.1,0.3125,20.17066925,9.08601475,4.5075705,5.42892925
10,F,1.175,0.9,0.325,13.380964,5.159609,3.231843,4.252425
11,F,1.2125,1,0.3875,20.7234845,6.690482,5.1879585,7.2291225
19,F,1.6125,1.3125,0.475,41.48949325,18.75319425,9.73805325,12.3320325
19,F,1.7,1.375,0.4375,50.972401,23.1048425,11.12717875,12.8990225
12,F,1.55,1.25,0.4375,33.622507,14.13222575,8.54737425,9.922325
16,F,1.7125,1.3125,0.4375,48.477645,15.35125425,8.7599955,16.44271
14,F,1.425,1.1125,0.3875,20.7801835,7.994559,4.5075705,6.6621325
9,F,1.5375,1.2875,0.3375,31.79396425,15.4504775,6.53455975,8.221355
9,F,1.6375,1.225,0.4,34.132798,15.46465225,7.41339425,9.14271375
11,F,1.5625,1.225,0.4375,34.9549335,15.77649675,7.0023265,10.3475675
7,F,1.1875,0.95,0.3375,13.777857,4.91863825,1.984465,5.2446575
10,F,1.6125,1.25,0.4,35.33765175,15.52135125,9.2702865,8.50485
9,F,1.4,1.1375,0.475,20.241543,8.0229085,3.6570855,7.7961125
14,F,1.825,1.375,0.5125,54.090846,15.35125425,10.10659675,16.91047675
7,F,1.375,1.0625,0.35,26.988724,13.87708025,5.51397775,6.19436575
9,F,1.6125,1.225,0.4,33.06969175,13.99047825,8.94426725,8.4765005
13,F,1.75,1.4375,0.5125,50.2636635,17.1514475,12.6722265,15.252031
11,F,1.4375,1.1125,0.3375,25.0326085,10.8011595,5.76912325,7.37087
10,F,1.4625,1.1625,0.3625,27.93843225,12.26115875,6.08096775,8.06543275
11,F,1.6375,1.1375,0.425,36.55668025,16.6411565,8.97261675,9.68135425
17,F,1.2625,1.025,0.375,17.98775775,6.8889285,3.78465825,6.0951425
9,F,1.1625,0.875,0.2875,11.9351395,4.43669675,2.5798045,3.81300775
9,F,1.55,1.2125,0.3875,33.86347775,14.47241975,7.6827145,9.979024
20,F,1.575,1.25,0.425,37.23706825,15.86154525,7.5693165,11.3398
10,F,1.65,1.2875,0.425,37.9032815,17.4349425,8.85921875,10.13494625
12,F,1.7625,1.3875,0.4875,49.68249875,20.14231975,11.94931425,14.628342
9,F,1.5625,1.2125,0.4375,38.96638775,20.79435825,7.69688925,9.412034
8,F,1.2625,0.95,0.325,19.6462035,11.0846545,3.38776525,4.29494925
10,F,1.65,1.2375,0.525,43.885026,20.525038,9.99319875,11.12717875
11,F,1.875,1.425,0.525,63.389482,31.4395955,14.72756525,15.4504775
12,F,1.525,1.175,0.4,28.8314415,12.076887,6.39281225,9.07184
10,F,1.3,1.025,0.4,20.184844,8.06543275,4.3374735,6.3786375
8,F,0.925,0.6875,0.25,6.30776375,2.6365035,0.737087,2.26796
10,F,1.1375,0.9,0.275,12.43125575,5.839997,2.778251,3.5436875
11,F,1.55,1.2125,0.4375,36.0322145,15.0535845,8.71747125,10.489315
13,F,1.275,1,0.325,16.25843825,6.2085405,3.86970675,5.5281525
9,F,1.625,1.2375,0.3875,37.9032815,17.4349425,9.05766525,9.4970825
8,F,1.15,0.9,0.2875,13.48018725,5.96756975,2.9766975,4.53592
9,F,1.175,0.9125,0.2625,11.92096475,4.6209685,2.93417325,3.96893
8,F,1.1625,0.875,0.3375,17.76096175,7.3425205,4.09650275,4.9611625
11,F,1.7,1.4,0.4875,50.39123625,24.4089195,9.128539,11.7650425
8,F,1,0.8125,0.3,9.02931575,3.798833,1.60174675,2.6932025
12,F,1.775,1.425,0.4875,56.14618475,28.13687875,13.96212875,13.60776
9,F,1.5625,1.2,0.5,37.52056325,17.22232125,8.66077225,10.0640725
15,F,1.55,1.175,0.35,29.27085875,10.21999475,6.350288,10.20582
13,F,1.1375,0.9125,0.275,10.9145575,4.706017,1.304077,3.81300775
11,F,1.025,0.7625,0.25,10.2908685,4.91863825,1.8427175,3.118445
11,F,1.55,1.35,0.4125,32.2900805,14.16057525,6.90310325,10.1207715
9,F,1.375,1.0375,0.45,33.04134225,14.231449,8.5331995,8.8166945
10,F,1.375,1.125,0.3625,21.0069795,8.3631025,4.06815325,7.55514175
11,F,1.5625,1.2375,0.4,31.51046925,12.74310025,8.00873375,9.7805775
9,F,1.75,1.3125,0.475,46.67745175,24.22464775,8.7032965,11.32562525
9,F,1.4625,1.15,0.425,26.43590875,10.3475675,7.6827145,8.221355
10,F,1.375,1.125,0.375,24.8058125,10.262519,4.97533725,7.83863675
9,F,1.5625,1.2125,0.375,31.02852775,15.0535845,7.3992195,8.391452
8,F,1.475,1.15,0.4,28.67551925,12.6155275,7.41339425,7.27164675
10,F,1.525,1.1625,0.4,30.40483875,13.70698325,7.12989925,7.93786
11,F,1.7375,1.4,0.55,51.992983,23.96950225,11.963489,12.8990225
7,F,1.4625,1.125,0.375,26.591831,13.2392165,5.7549485,6.3786375
13,F,1.25,1,0.375,22.92057075,7.7394135,3.175144,8.3631025
10,F,1.7375,1.3375,0.4375,52.12055575,22.77882325,11.226402,14.2597985
9,F,1.4,1.1625,0.4,29.24250925,12.246984,5.74077375,9.5537815
8,F,1.45,1.15,0.45,29.80949925,11.60912025,7.35669525,7.824462
10,F,1,0.775,0.2875,9.82310175,4.18155125,1.97029025,3.2601925
9,F,1.5125,1.225,0.375,32.16250775,14.92601175,7.49844275,8.3631025
10,F,0.9375,0.725,0.2875,7.66853975,2.6365035,1.871067,2.50893075
21,F,1.8,1.4,0.4375,48.94541175,18.0586315,9.68135425,14.8834875
9,F,1.45,1.125,0.425,27.51318975,13.08329425,6.577084,7.030676
17,F,1.775,1.4125,0.4875,48.94541175,18.086981,9.53960675,16.0174675
25,F,1.6125,1.225,0.5375,39.859397,12.09106175,6.47786075,14.458245
10,F,1.6125,1.2875,0.375,34.359594,14.5999925,5.82582225,10.9145575
12,F,1.4625,1.1875,0.4625,24.30969625,9.82310175,5.06038575,7.7961125
12,F,1.4375,1.2,0.375,24.79163775,10.6310625,5.4714535,8.221355
15,F,1.35,1.1,0.4,30.91512975,11.0846545,6.50621025,10.0640725
15,F,1.5625,1.25,0.375,27.0170735,9.76640275,6.33611325,8.6465975
9,F,1.6375,1.275,0.375,29.5685285,13.59358525,6.3219385,8.6465975
10,F,1.0625,0.8375,0.2375,9.128539,3.41611475,1.7293195,3.5436875
8,F,1.45,1.15,0.3375,26.251637,11.41067375,5.896696,7.7961125
10,F,1.425,1.1625,0.4,25.33027825,8.91591775,7.29999625,7.4559185
11,F,1.7,1.375,0.475,51.2275465,23.31746375,10.36174225,14.5999925
11,F,1.4875,1.1625,0.375,29.07241225,11.679994,7.78193775,8.1930055
10,F,1.625,1.275,0.4375,38.271825,16.3009625,8.94426725,11.01378075
9,F,1.6,1.3125,0.4375,39.179009,18.313777,8.83086925,10.489315
12,F,1.0375,0.8125,0.2625,10.77281,4.52174525,2.22543575,3.40194
17,F,1.7,1.375,0.525,49.45570275,16.93882625,8.6465975,17.7184375
9,F,1.4375,1.175,0.4125,24.6357155,12.3320325,5.5848515,6.747181
10,F,1.6,1.2625,0.4125,34.68561325,14.78426425,7.64019025,10.20582
7,F,1.325,1,0.4125,21.885814,8.09378225,5.59902625,6.520385
13,F,1.25,0.9625,0.325,21.772416,7.44174375,2.6932025,7.654365
12,F,1.65,1.25,0.4125,33.75007975,12.99824575,8.448151,10.489315
8,F,1.25,1,0.35,18.75319425,7.27164675,4.97533725,6.23689
14,F,1.3125,1.0125,0.2875,20.41164,8.80251975,5.42892925,5.6699
9,F,1.4625,1.125,0.3625,27.88173325,13.73533275,6.860579,6.23689
10,F,1.575,1.25,0.4375,31.48211975,13.2392165,7.597666,9.3269855
12,F,1.525,1.2,0.475,36.72677725,14.78426425,9.14271375,10.3475675
14,F,1.45,1.125,0.5875,30.3623145,8.50485,5.839997,11.1980525
7,F,1.3125,1.025,0.2875,21.95668775,11.793392,4.6209685,5.10291
10,F,1.2875,1.0125,0.3,18.313777,8.20718025,3.98310475,5.0178615
10,F,0.95,0.725,0.2625,7.2858215,2.8066005,1.4458245,2.4097075
9,F,1.45,1.125,0.375,26.08154,11.1413535,6.010094,8.20718025
9,F,1.4,1.1,0.3375,22.75047375,9.922325,4.57844425,7.3425205
10,F,1.75,1.3125,0.475,45.40172425,20.0430965,10.3475675,12.190285
10,F,1.05,0.825,0.3125,13.1258185,5.273007,3.118445,4.1106775
12,F,1.5125,1.175,0.4,30.71668325,15.32290475,6.27941425,7.7961125
20,F,1.525,1.2125,0.525,38.11590275,15.1669825,6.25106475,14.5999925
10,F,1.575,1.2,0.4125,35.76289425,15.60639975,7.8528115,11.01378075
7,F,1.325,0.9875,0.3625,21.9708625,8.731646,4.7910655,7.2291225
23,F,1.55,1.3,0.5625,33.55163325,10.716111,7.654365,11.1980525
10,F,1.5625,1.2125,0.4125,34.74231225,14.38737125,8.391452,10.20582
10,F,1.225,0.95,0.3625,19.06503875,7.0590255,5.1312595,5.953395
11,F,1.5125,1.2625,0.45,40.653183,20.65261075,7.484268,12.2186345
15,F,1.325,1.0375,0.4,22.1976585,8.32057825,4.479221,6.9456275
13,F,1.2875,1.0375,0.325,21.659018,7.824462,5.556502,7.087375
18,F,1.6375,1.325,0.475,40.483086,13.9763035,9.015141,16.0174675
9,F,1.4125,1.125,0.4375,28.61882025,12.6722265,6.73300625,7.49844275
10,F,1.625,1.3625,0.4375,43.21881275,16.726205,9.241937,14.0330025
9,F,1.1375,0.8875,0.3,12.74310025,5.0178615,2.948348,4.252425
7,F,0.875,0.6625,0.225,5.25883225,2.11203775,1.17650425,1.70097
8,F,1.45,1.1125,0.375,24.323871,11.3398,4.422522,7.1724235
15,F,1.3375,1.0375,0.4625,23.85610425,8.901743,4.49339575,8.50485
19,F,1.475,1.125,0.4,25.51455,10.149121,4.422522,8.9300925
9,F,1.4875,1.1375,0.35,25.911443,11.04213025,6.30776375,7.6827145
9,F,1.4375,1.15,0.375,26.2799865,9.4403835,5.8683465,8.46232575
8,F,1.525,1.2375,0.4625,32.6869735,15.195332,8.23552975,6.9456275
14,F,1.425,1.2375,0.4,30.94347925,12.813974,7.7961125,8.9300925
10,F,1.175,0.9375,0.3125,15.91824425,7.144074,3.8838815,5.10291
15,F,1.75,1.3375,0.4375,50.2636635,19.29183475,13.60776,14.514944
12,F,1.4625,1.1375,0.4125,28.292801,9.7805775,7.07320025,8.9300925
10,F,1.775,1.35,0.5125,44.80638475,22.736299,8.1363065,12.3320325
12,F,1.6875,1.4125,0.4875,52.09220625,21.67319275,10.24834425,15.6772735
12,F,1.7625,1.425,0.45,43.50230775,27.21552,11.89261525,12.190285
10,F,1.15,0.825,0.375,15.09610875,5.91087075,5.11708475,3.5436875
11,F,1.7875,1.3125,0.4625,44.22522,18.86659225,10.8578585,11.4815475
8,F,1.5,1.15,0.3625,26.43590875,11.29727575,6.36446275,7.030676
12,F,1.6125,1.275,0.5,44.43784125,17.6050395,10.4042665,13.04077
9,F,1.3125,1,0.325,19.83047525,8.83086925,3.7137845,6.3219385
12,F,1.8,1.4375,0.45,47.35783975,20.751834,10.21999475,14.2030995
8,F,1.375,1.0375,0.3375,23.09066775,12.1052365,5.25883225,4.9611625
12,F,1.2,0.95,0.3625,16.726205,6.577084,3.9972795,6.520385
8,F,1.55,1.2,0.4,31.53881875,15.97494325,6.93145275,7.9662095
13,F,1.125,0.875,0.3625,15.37960375,5.00368675,3.4869885,4.9611625
11,F,1.3125,1,0.2875,17.84601025,7.24329725,4.082328,5.10291
10,F,1.5375,1.3,0.375,38.08755325,17.8318355,7.38504475,9.7805775
15,F,1.525,1.2,0.4375,30.26309125,11.0846545,6.123492,11.90679
9,F,1.7625,1.375,0.425,34.5580405,18.12950525,6.690482,8.5331995
9,F,1.6875,1.3125,0.3875,41.91473575,17.803486,9.65300475,11.90679
9,F,1.2625,0.95,0.3375,19.43358225,10.2341695,4.43669675,4.5642695
11,F,1.4625,1.1875,0.4125,29.8520235,12.984071,6.1518415,8.50485
10,F,1.5125,1.1875,0.4375,39.179009,17.2648455,6.59125875,11.29727575
16,F,1.8,1.4875,0.5625,55.8201655,22.80717275,11.9918385,18.71067
9,F,1.4125,1.1,0.3375,23.530085,11.1413535,4.91863825,6.747181
8,F,1.5375,1.2,0.4,35.50774875,16.5844575,7.35669525,9.355335
10,F,1.6,1.2,0.3625,31.59551775,14.401546,6.80388,9.63883
12,F,1.875,1.5375,0.5125,64.16909325,23.2749395,11.9918385,20.581737
9,F,1.6125,1.275,0.4,35.19590425,16.48523425,7.824462,8.9300925
12,F,1.3125,1.0125,0.4,18.653971,7.52679225,3.18931875,6.3786375
8,F,0.925,0.6875,0.2,6.4353365,2.6365035,1.77184375,1.984465
8,F,1.175,0.9125,0.3,16.499409,8.221355,2.608154,4.139027
9,F,1.6,1.25,0.375,34.06192425,15.8473705,6.5487345,9.51125725
15,F,1.675,1.3625,0.4,43.70075425,16.96717575,7.27164675,14.0330025
15,F,1.2,1,0.3125,21.5172705,6.02426875,5.0745605,6.80388
10,F,1.6375,1.3,0.475,41.23434775,17.0097,10.95708175,10.8578585
10,F,1.45,1.1875,0.3875,27.612413,12.20445975,6.520385,8.0796075
13,F,1.225,1,0.3625,18.80989325,5.953395,3.67126025,7.12989925
9,F,1.2875,1.05,0.3375,17.84601025,7.98038425,3.6003865,6.0951425
11,F,1.375,1.075,0.3875,22.2543575,8.1930055,6.4353365,6.6054335
8,F,1.1,0.825,0.2875,11.35397475,4.0539785,3.2034935,3.40194
10,F,1.4,1.1125,0.3875,34.699788,15.77649675,9.14271375,7.64019025
9,F,1.8,1.45,0.4875,59.6189985,29.10076175,13.60776,15.23785625
8,F,1.3375,1.15,0.3625,22.32523125,9.62465525,5.68407475,5.6699
8,F,1.4875,1.1625,0.375,31.19862475,15.35125425,4.706017,7.5126175
8,F,1.375,1.075,0.35,23.81358,10.6310625,6.180191,5.51397775
10,F,1.5,1.1375,0.3625,25.21688025,11.8784405,4.86193925,7.6260155
10,F,1.25,0.9875,0.35,20.28406725,8.97261675,4.989512,6.80388
11,F,1.3,1.075,0.375,20.638436,8.561549,4.46504625,6.6621325
9,F,1.425,1.1,0.3,22.7646485,10.829509,4.32329875,6.633783
10,F,1.2375,0.9625,0.325,19.57532975,8.85921875,5.0745605,4.9611625
12,F,1.4625,1.0375,0.3875,19.80212575,8.50485,4.139027,5.5281525
12,F,1.4125,1.125,0.4,22.5378525,10.21999475,4.40834725,6.520385
15,F,1.2625,1.025,0.3375,18.6256215,8.2497045,3.7704835,5.5281525
9,F,1.45,1.0625,0.375,23.926978,10.33339275,5.2446575,7.66853975
14,F,1.7125,1.35,0.5375,48.26502375,18.824068,10.36174225,13.42348825
8,F,1.5,1.15,0.3875,27.59823825,12.1052365,5.79747275,8.50485
12,F,1.6125,1.2125,0.375,32.6302745,16.82542825,6.56290925,8.3064035
14,F,1.2,0.9625,0.3375,15.195332,5.37223025,4.025629,4.9044635
12,F,1.4125,1.1,0.3875,26.63435525,12.11941125,6.066793,7.654365
12,F,1.725,1.35,0.4875,35.50774875,20.695135,11.26892625,13.097469
14,F,1.7375,1.325,0.5,58.04560125,21.262125,11.89261525,17.27902025
9,F,1.3875,1.075,0.35,21.38969775,9.99319875,5.20213325,5.71242425
12,F,1.575,1.2,0.375,29.83784875,11.113004,9.525432,8.0796075
8,F,1.325,1.05,0.35,17.7751365,8.23552975,3.30271675,5.1879585
8,F,1.6,1.275,0.4125,42.127357,21.53144525,9.412034,9.1001895
10,F,1.3625,1.0375,0.5,38.498621,16.0741665,9.015141,11.4248485
11,F,1.675,1.2875,0.425,40.44056175,18.72484475,9.62465525,10.489315
9,F,1.2625,0.975,0.4,18.257078,7.01650125,5.74077375,4.63514325
21,F,1.7,1.375,0.5,45.245802,14.8834875,11.55242125,16.5844575
10,F,1.25,0.9375,0.35,17.123098,6.860579,4.01145425,5.0745605
6,F,1.65,1.1875,0.45,38.82464025,18.1720295,8.334753,9.4970825
9,F,1.5625,1.2875,0.4,35.833768,16.20173925,9.241937,9.1001895
14,F,1.4875,1.175,0.625,36.3724085,13.097469,7.01650125,12.6155275
9,F,1.35,1.0625,0.4,26.80445225,10.41844125,5.68407475,8.3631025
8,F,1.2875,1,0.3125,17.4349425,8.12213175,3.4869885,5.00368675
19,F,1.45,1.15,0.375,28.22192725,12.1619355,6.010094,7.37087
11,F,1.5125,1.2125,0.4125,26.97454925,12.85649825,5.4714535,7.83863675
11,F,1.625,1.25,0.425,39.81687275,19.674553,9.015141,9.17106325
11,F,1.6875,1.3375,0.4625,44.15434625,19.94387325,11.396499,11.3398
9,F,1.5,1.1875,0.3375,40.83745475,16.68368075,5.4147545,9.00096625
7,F,0.9375,0.675,0.3375,16.9246515,7.711064,3.7137845,4.74854125
9,F,1.2125,0.975,0.25,15.77649675,6.27941425,3.27436725,5.2446575
12,F,1.55,1.2,0.45,34.62891425,16.499409,7.64019025,8.8733935
9,F,1.5625,1.25,0.4125,36.514156,16.2442635,8.60407325,8.9300925
13,F,1.6125,1.25,0.45,36.24483575,15.15280775,8.49067525,9.7805775
12,F,1.4375,1.125,0.3,27.17299575,12.6722265,4.7910655,7.7961125
9,F,1.4375,1.075,0.3875,22.55202725,9.87980075,5.45727875,6.23689
15,F,1.3125,1.0625,0.3625,22.66542525,9.48290775,5.9250455,6.80388
11,F,1.6875,1.3875,0.5125,54.5727875,20.2131935,10.149121,12.85649825
14,F,1.2875,1.0625,0.35,21.715717,8.618248,4.89028875,7.2291225
9,F,1.3875,1.075,0.3375,23.019794,11.49572225,4.6209685,6.27941425
10,F,1.3125,1.0625,0.35,24.76328825,11.92096475,5.159609,6.30776375
10,F,1.2875,1.0375,0.35,19.66037825,8.83086925,4.309124,5.6699
10,F,1.1875,0.9375,0.3125,16.669506,6.7188315,4.86193925,4.3941725
13,F,1.4,1.075,0.3125,22.75047375,8.8733935,4.86193925,7.4559185
10,F,1.4125,1.1375,0.325,29.993771,12.4454305,7.49844275,8.50485
11,F,1.8875,1.4375,0.5,58.7685135,28.73221825,13.19669225,13.60776
10,F,1.3125,1,0.3375,20.241543,9.015141,3.912231,5.896696
8,F,1.0625,0.825,0.2875,11.509897,4.63514325,2.2963095,3.84135725
12,F,1.4125,1.1,0.4,25.9397925,10.035723,5.48562825,9.07184
14,F,1.2125,0.9875,0.4,18.71067,7.01650125,3.628736,6.6621325
9,F,1.5,1.1875,0.375,32.034935,16.3009625,5.556502,8.6465975
8,F,1.45,1.1125,0.3625,25.174356,11.623295,5.14543425,6.87475375
15,F,1.4875,1.2,0.5,27.6407625,10.149121,5.76912325,9.63883
15,F,1.525,1.225,0.425,33.38153625,16.03164225,6.76135575,8.3631025
8,F,1.425,1.0875,0.35,24.33804575,11.07047975,5.556502,6.50621025
10,F,1.5,1.2,0.425,29.937072,12.96989625,6.90310325,8.88756825
14,F,1.1625,0.95,0.3375,16.4143605,5.896696,3.10427025,6.23689
15,F,1.5125,1.2375,0.475,40.7382315,13.2959155,7.52679225,11.623295
9,F,1.1,0.85,0.35,13.664459,5.273007,3.07592075,4.53592
11,F,1.6375,1.2875,0.45,40.029494,17.56251525,7.04485075,14.0897015
11,F,1.6625,1.35,0.4875,50.008518,24.11124975,10.24834425,13.324265
10,F,1.225,0.925,0.35,16.5844575,6.8889285,3.2601925,5.5281525
18,F,1.65,1.3125,0.5125,38.73959175,14.18892475,8.2497045,11.623295
7,F,0.9375,0.725,0.2,7.994559,3.98310475,2.05533875,2.26796
17,F,1.65,1.3,0.5,47.513762,19.0792135,13.62193475,12.757275
18,F,1.8125,1.4,0.525,60.6962795,18.427175,11.283101,28.4912475
8,F,1.2,0.95,0.3,17.236496,7.66853975,3.98310475,5.2446575
14,F,1.6,1.2625,0.475,35.02580725,12.57300325,8.80251975,10.3475675
5,F,0.725,0.5625,0.1875,3.96893,1.45999925,0.66621325,1.13398
13,F,1.3625,1.1125,0.4375,24.16794875,9.82310175,5.3580555,8.3631025
12,F,1.5875,1.275,0.4625,36.457457,14.911837,8.3631025,11.63746975
16,F,1.4,1.1125,0.4875,27.8108595,8.6465975,6.36446275,9.4970825
12,F,0.9875,0.75,0.2625,9.56795625,4.06815325,2.14038725,2.778251
9,F,1.125,0.8125,0.3375,12.417081,5.11708475,3.30271675,3.118445
12,F,1.5,1.1625,0.4125,25.16018125,8.7599955,6.973977,7.427569
11,F,1.6,1.2125,0.3625,32.13415825,15.66309875,7.10154975,8.54737425
11,F,1.5625,1.175,0.3625,27.895908,13.4660125,5.6699,7.5126175
8,F,1.175,0.8875,0.45,12.5021295,4.32329875,3.30271675,3.8271825
12,F,1.75,1.3625,0.325,44.111822,19.06503875,10.602713,5.5281525
9,F,1.325,1.025,0.3625,23.40251225,10.6310625,5.783298,6.9456275
6,F,0.9625,0.75,0.25,7.72523875,3.16096925,1.6159215,2.26796
19,F,1.325,1.025,0.4125,23.00561925,6.80388,4.7910655,6.80388
14,F,1.575,1.1875,0.4375,40.3413385,11.77921725,9.59630575,13.891255
11,F,1.7,1.4,0.4875,47.173568,16.44271,10.92873225,15.4504775
7,F,1.1875,0.95,0.35,19.5328055,8.97261675,3.72795925,5.54232725
20,F,1.425,1.125,0.425,31.127751,11.736693,5.3013565,11.4815475
6,F,0.85,0.6375,0.2125,5.783298,2.7499015,0.5953395,1.417475
11,F,1.1875,0.875,0.2875,12.813974,4.86193925,2.608154,4.3941725
18,F,1.45,1.1375,0.3875,23.71435675,8.9300925,3.92640575,9.07184
8,F,1.15,0.875,0.2875,12.47378,5.386405,2.90582375,3.685435
11,F,1.55,1.275,0.45,37.74735925,16.839603,7.824462,10.999606
9,F,1.375,1.175,0.375,25.4295015,10.6877615,5.216308,8.221355
9,F,1.7625,1.35,0.5125,49.8100715,23.43086175,11.8217415,13.0691195
10,F,0.9,0.6625,0.225,6.13766675,2.721552,1.0489315,2.08368825
12,F,1.3125,1.025,0.375,20.071446,7.767763,4.2807745,7.087375
11,F,1.6,1.2375,0.425,34.77066175,13.891255,10.6877615,8.15048125
8,F,1.3375,1.0625,0.3375,21.8574645,10.67358675,5.14543425,5.08873525
11,F,1.575,1.275,0.4625,35.0116325,14.50076925,9.8939755,8.68912175
10,F,1.8,1.375,0.45,43.09124,18.0586315,9.2135875,12.3320325
9,F,1.65,1.25,0.4375,37.63396125,15.762322,7.95203475,11.58077075
17,F,1.225,0.9,0.275,14.18892475,4.5642695,3.0333965,5.5281525
11,F,1.525,1.125,0.325,24.73493875,11.0279555,4.86193925,7.711064
7,F,1.0875,0.8125,0.275,12.28950825,5.046211,2.79242575,4.3941725
14,F,1.5625,1.2875,0.45,38.22930075,14.89766225,7.144074,11.12717875
13,F,1.5125,1.125,0.4875,31.127751,13.6361095,8.20718025,8.9300925
13,F,1.625,1.2875,0.4875,39.70347475,14.72756525,10.20582,12.47378
7,F,1.2375,0.95,0.3,16.2442635,7.52679225,3.64291075,4.082328
9,F,1.575,1.2125,0.425,37.43551475,16.85377775,9.7805775,9.7805775
11,F,1.825,1.4,0.475,55.06890375,22.6512505,14.72756525,16.03164225
9,F,1.475,1.1,0.35,28.5479465,13.53688625,5.96756975,8.29222875
10,F,1.35,0.9625,0.35,21.70154225,9.25611175,3.288542,6.70465675
12,F,1.65,1.325,0.4625,38.22930075,13.9763035,6.9456275,13.891255
14,F,1.3375,1.05,0.375,20.87940675,7.89533575,5.273007,6.0951425
12,F,1.25,1.0125,0.375,16.91047675,7.1724235,3.572037,5.2446575
9,F,1.4375,1.1625,0.4375,31.1561005,13.42348825,5.726599,9.922325
9,F,1.4875,1.175,0.3875,33.38153625,15.365429,7.6260155,8.788345
11,F,1.775,1.3625,0.4375,54.0624965,24.73493875,12.94154675,13.4660125
10,F,1.65,1.325,0.425,40.5681345,17.633389,8.7599955,11.283101
11,F,1.525,1.2125,0.4125,30.8159065,12.06271225,6.577084,10.77281
12,F,1.35,1.1875,0.3875,26.308336,11.169703,5.499803,7.37087
13,F,1.3125,1.0375,0.375,20.28406725,6.67630725,4.8477645,7.654365
9,F,1.3375,1.025,0.325,20.25571775,9.4970825,4.082328,5.88252125
12,F,1.7,1.25,0.4625,49.3564795,21.72989175,9.22776225,13.28174075
14,F,1.5375,1.1875,0.425,31.25532375,13.31009025,6.67630725,9.7805775
12,F,1.4125,1.125,0.3375,28.02348075,10.9712565,4.23825025,8.788345
11,F,1.325,1.0375,0.2875,16.76872925,6.6054335,4.49339575,5.10291
7,F,1.0625,0.875,0.25,12.54465375,4.9611625,2.14038725,4.9611625
8,F,0.9,0.6625,0.225,5.85417175,2.211261,1.6159215,1.70097
10,F,1.575,1.2125,0.475,35.25260325,13.13999325,8.66077225,11.056305
15,F,1.2125,0.95,0.375,17.1514475,6.10931725,3.96893,5.10291
9,F,1.725,1.35,0.3875,41.220173,17.690088,8.80251975,11.056305
9,F,1.375,1.1,0.3125,21.6873675,9.355335,6.02426875,6.9456275
10,F,1.4875,1.15,0.3875,29.63940225,12.94154675,6.80388,8.74582075
14,F,1.3875,1.1375,0.45,27.158821,8.391452,5.5281525,11.056305
16,F,1.425,1.1625,0.45,28.33532525,11.4815475,7.8528115,8.3631025
11,F,1.5875,1.2625,0.3875,36.55668025,16.839603,8.901743,9.7805775
8,F,1.55,1.1625,0.35,28.6613445,13.5794105,6.76135575,7.2291225
12,F,1.4125,1.125,0.4125,27.68328675,9.128539,6.917278,10.489315
13,F,1.675,1.3,0.375,39.859397,14.7133905,9.865626,10.489315
16,F,0.9875,0.7875,0.2625,9.96484925,3.35941575,2.5798045,3.38776525
10,F,1.5125,1.2,0.375,30.5891105,12.77144975,8.03708325,8.3064035
23,F,1.125,0.95,0.4125,23.14736675,7.087375,5.42892925,7.5126175
13,F,1.675,1.3625,0.4375,48.3925965,19.83047525,10.9712565,16.3009625
10,F,1.4875,1.1875,0.4125,32.545226,12.587178,6.066793,10.489315
16,F,1.625,1.3625,0.4125,44.395317,18.83824275,9.79475225,11.7650425
9,F,1.4375,1.1875,0.4,25.3728025,10.21999475,6.2652395,7.6827145
14,F,1.5375,1.175,0.4375,36.81182575,14.55746825,9.7238785,9.07184
9,F,1.2125,0.9125,0.3,16.68368075,7.654365,3.7137845,4.9611625
12,F,1.2625,0.95,0.3625,18.4555245,8.32057825,5.386405,4.819415
10,F,1.5,1.125,0.35,23.7285315,10.489315,5.0178615,6.87475375
8,F,1.3375,1.05,0.325,19.8163005,8.85921875,4.43669675,5.76912325
9,F,1.575,1.2625,0.4875,37.024447,14.628342,9.36950975,10.6310625
13,F,1.4375,1.15,0.475,28.179403,11.113004,6.87475375,9.63883
13,F,1.5125,1.2375,0.425,30.94347925,12.37455675,7.69688925,9.4970825
11,F,1.65,1.3125,0.5,41.4753185,18.49804875,8.49067525,11.963489
18,F,1.6125,1.225,0.475,37.03862175,13.5794105,10.10659675,9.7805775
18,F,1.8625,1.4625,0.475,55.735117,23.91280325,12.3887315,16.59863225
9,F,1.5875,1.225,0.425,35.76289425,15.26620575,7.55514175,10.77281
9,F,1.2875,0.9875,0.3375,14.628342,5.71242425,3.742134,4.592619
9,F,1.35,1.05,0.35,22.77882325,10.77281,5.11708475,5.953395
9,F,1.5375,1.1875,0.3625,27.00289875,11.09882925,5.5281525,9.07184
12,F,1.2,0.975,0.3125,19.57532975,6.2085405,4.3941725,5.6699
11,F,1.5875,1.2125,0.4125,35.98969025,15.97494325,8.68912175,9.62465525
7,F,1.075,0.85,0.3,11.0846545,4.40834725,2.6932025,3.98310475
8,F,1.175,0.9,0.25,13.33843975,4.63514325,2.5231055,3.92640575
11,F,1.4125,1.225,0.3875,26.20911275,11.4815475,6.22271525,7.2291225
9,F,1.8,1.375,0.4875,58.7685135,30.37648925,12.09106175,14.21727425
10,F,1.3375,1,0.375,34.699788,17.519991,7.7961125,8.15048125
9,F,1.3625,1.075,0.35,23.586784,12.34620725,4.819415,5.6982495
10,F,1.45,1.0875,0.3875,24.90503575,12.0485375,4.77689075,6.87475375
9,F,1.425,1.1125,0.375,28.2077525,14.288148,5.2446575,7.10154975
16,F,1.35,1.1875,0.3875,34.5013415,15.03940975,8.71747125,9.63883
14,F,2.0375,1.625,0.625,63.9281225,25.24522975,11.90679,22.60872625
13,F,1.325,1.0875,0.425,23.11901725,8.46232575,4.3941725,7.7961125
11,F,1.4875,1.175,0.3875,31.7797895,12.79979925,5.046211,4.3941725
10,F,1.625,1.275,0.425,44.4236665,20.53921275,9.8939755,11.0846545
14,F,1.4875,1.2125,0.3625,35.47939925,14.27397325,8.29222875,9.355335
9,F,1.7125,1.3375,0.4375,44.91978275,20.34076625,10.70193625,11.94931425
9,F,1.125,0.8625,0.3,11.80756675,4.69184225,2.6932025,3.8271825
10,F,1.5875,1.25,0.45,35.62114675,15.2803805,8.278054,9.922325
8,F,1.25,0.95,0.35,18.01610725,7.8528115,4.0539785,5.06038575
8,F,1.375,1.1,0.3375,23.91280325,12.303683,5.65572525,5.2446575
10,F,1.2625,0.9375,0.2875,16.71203025,7.47009325,3.40194,4.7343665
16,F,1.7125,1.3625,0.45,50.121916,21.24795025,11.113004,13.7495075
10,F,1.575,1.25,0.4625,39.2073585,15.30873,9.39785925,10.77281
10,F,1.3875,1.1,0.3875,28.803092,13.99047825,5.25883225,7.4559185
9,F,1.3,1,0.3125,19.46193175,8.3631025,4.86193925,5.2446575
14,F,1.6125,1.375,0.4375,36.61337925,16.159215,8.63242275,9.355335
8,F,1.375,1.075,0.375,23.81358,11.1980525,5.5281525,6.3219385
8,F,1.1,0.85,0.3375,11.26892625,4.26659975,2.67902775,3.8271825
11,F,1.175,0.9375,0.2625,14.5432935,6.577084,4.025629,3.685435
8,F,1.425,1.1125,0.3625,24.87668625,11.679994,6.1518415,6.23689
10,F,1.45,1.25,0.4125,26.2232875,10.489315,5.2446575,8.51902475
10,F,1.525,1.15,0.3625,31.70891575,13.551061,8.34892775,8.46232575
10,F,1.4375,1.175,0.3875,31.638042,14.4298955,6.747181,9.63883
13,F,1.45,1.1875,0.4125,29.44095575,11.736693,7.37087,8.6465975
15,F,1.6625,1.325,0.4625,39.56172725,12.927372,9.08601475,13.891255
7,F,0.9625,0.7625,0.2625,9.39785925,3.86970675,2.11203775,2.83495
8,F,1.525,1.075,0.35,25.7696955,12.417081,5.6699,6.23689
9,F,1.3625,0.9625,0.375,31.70891575,15.37960375,6.93145275,8.06543275
12,F,1.225,0.975,0.3375,16.726205,6.0951425,3.5436875,5.23048275
11,F,1.625,1.475,0.55,47.116869,21.829115,10.716111,12.3320325
10,F,1.25,1,0.3125,18.92329125,7.3992195,3.72795925,6.23689
10,F,1.3375,1.0375,0.425,24.9192105,8.3631025,5.57067675,8.0796075
11,F,1.4625,1.2125,0.375,30.5891105,11.75086775,5.99591925,10.092422
12,F,1.45,1.1,0.45,24.210473,10.39009175,4.63514325,6.9456275
12,F,1.625,1.4125,0.5,47.18774275,21.3471735,10.4042665,12.190285
8,F,1.5,1.15,0.375,35.0116325,17.08057375,7.767763,8.221355
8,F,1.3875,1.1125,0.4375,32.50270175,15.6205745,6.917278,7.89533575
10,F,1.45,1.15,0.4625,28.8314415,9.96484925,5.6699,9.07184
11,F,1.2625,1.0125,0.45,17.179797,6.7755305,3.50116325,5.10291
9,F,1.4875,1.1625,0.375,30.51823675,13.9196045,6.23689,8.1363065
11,F,1.6375,1.275,0.3875,36.55668025,15.15280775,8.09378225,11.623295
8,F,1.45,1.2,0.45,35.42270025,14.01882775,7.654365,10.5176645
9,F,1.6625,1.2625,0.4125,38.2434755,16.96717575,9.00096625,10.20582
11,F,1.3625,1.075,0.4125,22.736299,8.32057825,5.1879585,7.93786
7,F,0.95,0.7625,0.2625,7.9662095,2.96252275,1.74349425,2.551455
11,F,1.1875,0.95,0.3625,16.159215,4.7343665,3.345241,5.3013565
15,F,1.1625,0.975,0.35,15.74814725,6.0384435,3.04757125,6.0951425
9,F,1.1125,0.825,0.2625,12.82814875,5.10291,2.9199985,3.4869885
11,F,1.3625,1.0375,0.375,20.79435825,7.92368525,4.6209685,6.19436575
9,F,1.525,1.2375,0.4125,30.71668325,12.82814875,7.7394135,8.9867915
9,F,0.8625,0.6375,0.25,5.5848515,2.0128145,1.4458245,1.70097
13,F,1.5125,1.125,0.4125,34.65726375,10.1207715,5.726599,10.9145575
9,F,1.625,1.3125,0.4125,35.096681,18.3421265,7.04485075,8.51902475
10,F,1.3375,1.0875,0.4,22.97726975,8.94426725,5.08873525,6.80388
10,F,1.4625,1.1125,0.35,25.8830935,12.20445975,6.25106475,7.1724235
12,F,1.7,1.2625,0.425,38.08755325,18.6256215,8.4198015,10.0640725
11,F,1.5,1.1625,0.3875,29.48348,13.48018725,7.087375,7.93786
13,F,1.125,0.875,0.3375,15.87572,6.5487345,3.8838815,4.1106775
11,F,1.2375,0.9375,0.375,16.9246515,7.41339425,3.8271825,5.046211
10,F,1.35,1.05,0.3625,24.53649225,12.23280925,4.6209685,6.16601625
7,F,1.525,1.2125,0.45,36.27318525,16.25843825,8.09378225,10.0640725
9,F,1.4625,1.1625,0.4125,26.52095725,11.43902325,6.44951125,7.3425205
9,F,1.55,1.2,0.4375,29.49765475,13.154168,6.30776375,8.50485
20,F,1.4625,1.175,0.425,31.1561005,11.26892625,6.59125875,10.149121
11,F,1.225,0.9375,0.3375,17.36406875,7.24329725,2.891649,6.23689
11,F,1.5625,1.225,0.475,48.23667425,21.16290175,11.63746975,10.92873225
14,F,1.375,1.0875,0.425,25.060958,8.15048125,4.66349275,7.93786
10,F,1.5,1.2,0.45,30.17804275,12.74310025,6.95980225,9.2135875
18,F,1.4625,1.0875,0.4375,27.839209,11.49572225,7.07320025,7.654365
6,F,1.1625,0.875,0.3125,13.664459,6.520385,3.005047,3.10427025
10,F,1.275,1,0.35,23.09066775,13.0124205,5.57067675,5.5281525
10,F,1.7875,1.4625,0.575,58.75433875,24.53649225,11.60912025,16.0174675
9,F,1.15,0.8875,0.325,14.6566915,6.25106475,3.231843,4.6776675
14,F,1.175,0.8875,0.325,15.49300175,5.68407475,3.572037,5.2446575
13,F,1.6125,1.3125,0.5,41.0784255,17.0380495,7.27164675,14.3164975
17,F,1.25,0.95,0.3875,18.5689225,6.81805475,4.0539785,5.8116475
10,F,1.5,1.1875,0.425,30.844256,13.90542975,7.01650125,8.788345
12,F,1.225,0.95,0.325,15.2803805,6.4920355,3.84135725,4.6776675
21,F,1.5625,1.05,0.4125,30.03629525,10.149121,4.6776675,12.6155275
16,F,1.3125,0.975,0.3375,17.02387475,6.42116175,3.7137845,5.953395
17,F,1.25,0.9625,0.2625,14.118051,5.08873525,3.10427025,4.819415
12,F,1.4875,1.1625,0.3875,29.086587,13.16834275,3.175144,8.6465975
9,F,1.4875,1.15,0.4,26.1098895,11.35397475,5.74077375,8.15048125
8,F,1.3,0.9375,0.3375,15.23785625,6.2652395,3.3168915,4.819415
9,F,1.1125,0.8125,0.3125,12.8990225,5.06038575,3.18931875,3.96893
18,F,1.6125,1.3125,0.475,51.27007075,19.94387325,11.01378075,11.1980525
10,F,1.65,1.325,0.45,43.02036625,22.01338675,8.561549,11.3681495
9,F,1.6875,1.3125,0.425,48.5059945,23.71435675,9.979024,13.4660125
12,F,1.3,1.025,0.3875,20.6100865,8.2497045,5.20213325,6.6621325
9,F,1.275,0.975,0.3375,17.95940825,6.5487345,5.0745605,5.6699
10,F,1.6,1.25,0.4375,39.519203,13.99047825,8.2497045,11.3398
11,F,1.0875,0.8,0.3,10.73028575,4.309124,2.59397925,3.5436875
11,F,1.6875,1.275,0.4625,41.7588135,17.84601025,8.57572375,12.03436275
11,F,1.45,1.125,0.4625,28.22192725,11.18387775,7.711064,8.0796075
12,F,1.4375,1.125,0.25,26.40755925,12.2186345,6.293589,6.6621325
12,F,1.6,1.275,0.5,39.41997975,17.293195,9.39785925,11.623295
9,F,1.5125,1.2,0.4375,33.12639075,13.65028425,6.53455975,10.092422
11,F,1.7,1.3,0.4625,42.354153,17.4349425,11.15552825,11.509897
17,F,1.2375,1,0.3875,18.27125275,6.860579,3.75630875,5.8116475
9,F,1.0875,0.875,0.3125,13.0124205,5.5848515,3.24601775,4.1106775
7,F,1.2125,0.925,0.2875,13.56523575,5.65572525,2.70737725,3.6570855
14,F,1.5875,1.275,0.4375,34.37376875,16.25843825,7.3992195,10.20582
11,F,1.575,1.2,0.4,33.9910505,14.92601175,9.4970825,8.9300925
9,F,1.625,1.25,0.475,41.503668,18.18620425,9.6104805,12.03436275
11,F,1.4125,1.1125,0.3125,23.54425975,8.88756825,5.06038575,6.520385
15,F,1.6,1.35,0.4375,34.6147395,14.458245,7.3425205,11.056305
9,F,1.5875,1.2375,0.4375,34.3312445,20.0430965,7.72523875,9.1568885
8,F,1.425,1.125,0.3375,22.12678475,9.48290775,5.2446575,5.953395
16,F,1.65,1.4125,0.4875,49.90929475,19.617854,9.25611175,14.17475
12,F,1.2625,0.9625,0.3375,17.53416575,7.1157245,3.33106625,5.6699
21,F,1.6625,1.25,0.4375,49.384829,16.8679525,8.57572375,20.5533875
9,F,1.425,1.15,0.3375,27.76833525,11.2547515,7.15824875,7.52679225
9,F,1.5,1.125,0.375,27.28639375,12.40290625,6.30776375,7.86698625
8,F,1.3375,1.1125,0.3125,24.73493875,11.8217415,5.6415505,6.80388
13,F,1.475,1.1875,0.4,31.22697425,13.53688625,7.24329725,8.3631025
8,F,1.5,1.1625,0.375,31.25532375,15.46465225,7.427569,7.087375
10,F,1.3625,1.025,0.3125,18.540573,8.34892775,3.72795925,5.8116475
10,F,1.3625,1.0875,0.375,19.43358225,8.23552975,4.1106775,6.3786375
10,F,1.55,1.275,0.45,34.9549335,16.782904,7.767763,9.128539
20,F,1.4875,1.1875,0.425,35.3518265,13.60776,6.3786375,12.0485375
8,F,1.5625,1.225,0.4375,31.39707125,12.71475075,6.13766675,10.19164525
11,F,1.8375,1.5,0.55,72.4329725,32.13415825,12.47378,17.0097
23,F,1.375,1.0375,0.3375,21.9708625,8.561549,5.0745605,7.37087
8,F,1.2,0.9125,0.3375,18.12950525,8.34892775,3.2034935,4.9611625
10,F,1.0375,0.85,0.325,10.41844125,4.139027,2.50893075,3.40194
8,F,1.4375,1.1625,0.4875,28.25027675,11.8217415,7.0023265,13.324265
9,F,1.4375,1.2,0.4125,30.560761,14.4865945,5.93922025,8.674947
8,F,1.175,0.875,0.2875,13.8062065,5.54232725,3.6003865,4.3941725
16,F,1.65,1.2875,0.45,43.1762885,15.30873,9.53960675,15.7339725
14,F,1.575,1.25,0.4,34.58639,13.90542975,8.50485,9.7805775
8,F,1.3375,1,0.3375,23.28911425,11.15552825,5.556502,5.8116475
14,F,1.55,1.275,0.4375,31.90736225,14.13222575,6.4353365,8.9300925
13,F,1.4625,1.05,0.3875,27.91008275,12.530479,6.10931725,8.15048125
9,F,1.225,0.95,0.3875,16.386011,6.78970525,3.55786225,5.10291
9,F,1.625,1.25,0.4,39.19318375,19.901349,8.618248,9.05766525
9,F,0.925,0.7125,0.2625,7.654365,3.18931875,1.65844575,2.36718325
12,F,1.25,1,0.3625,17.860185,6.633783,4.15320175,6.520385
5,F,0.9,0.675,0.225,5.34388075,2.39553275,1.09145575,1.5592225
15,F,1.4375,1.15,0.4625,31.014353,12.71475075,6.1518415,9.7805775
12,F,1.4125,1.125,0.4625,26.32251075,8.561549,5.11708475,7.5126175
6,F,1.275,1,0.3125,15.4504775,7.3992195,3.2601925,3.92640575
11,F,1.65,1.3125,0.45,45.25997675,22.01338675,11.2547515,10.21999475
11,F,1.675,1.325,0.5625,44.26774425,17.860185,13.8062065,10.56018875
10,F,1.5625,1.225,0.3875,37.704835,18.92329125,7.3425205,9.355335
11,F,1.4,1.1,0.35,26.32251075,10.84368375,5.329706,8.50485
17,F,1.7875,1.4125,0.6,62.35472525,20.53921275,13.1825175,25.0893075
10,F,1.4,1.125,0.4,29.01571325,12.1619355,7.597666,8.50485
13,F,1.3375,1.125,0.3375,22.89222125,9.128539,5.1312595,7.087375
11,F,1.5,1.175,0.3375,27.499015,13.19669225,5.54232725,7.484268
10,F,1.6625,1.275,0.4375,39.13648475,19.1359125,8.46232575,9.2135875
17,F,1.45,1.1375,0.4,26.12406425,8.845044,5.556502,8.50485
18,F,1.6,1.35,0.4375,44.5370645,17.7751365,7.6827145,13.4660125
16,F,1.3,1.0625,0.4125,28.02348075,11.226402,6.3786375,9.07184
12,F,1.6375,1.2625,0.475,38.22930075,16.82542825,7.78193775,12.0485375
18,F,1.6375,1.25,0.45,40.12871725,14.401546,8.901743,12.6155275
15,F,1.5625,1.2875,0.375,35.19590425,14.84096325,8.68912175,10.20582
9,F,1.725,1.375,0.45,47.0318205,24.70658925,7.52679225,12.45960525
8,F,1.4,1.1,0.3875,18.15785475,9.525432,5.00368675,6.9456275
10,F,1.3,1.0375,0.3625,22.80717275,9.42620875,4.89028875,8.0796075
8,F,1.3875,1.05,0.275,26.3933845,12.60135275,4.8477645,6.3786375
18,F,1.5875,1.25,0.45,37.194544,14.9968855,7.04485075,13.7495075
11,F,1.6,1.25,0.4125,32.98464325,15.705623,6.7755305,9.07184
17,F,1.5875,1.2625,0.4625,36.95357325,14.2030995,8.3631025,11.623295
12,F,1.425,1.1625,0.45,36.7126025,9.6104805,6.30776375,12.47378
10,F,1.6125,1.2875,0.4375,43.828327,19.94387325,10.3475675,11.7650425
11,F,1.4625,1.1875,0.4625,27.17299575,11.75086775,4.57844425,9.355335
16,F,1.1375,0.875,0.3125,12.71475075,4.49339575,2.891649,3.78465825
8,F,1.55,1.275,0.375,41.276872,16.4710595,8.15048125,9.07184
14,F,1.4625,1.15,0.425,30.71668325,10.61688775,9.241937,9.2135875
7,F,1.15,0.9375,0.3,13.93377925,6.25106475,2.494756,4.819415
10,F,1.375,1.175,0.375,26.09571475,10.8011595,6.90310325,7.58349125
9,F,1.5125,1.175,0.4125,33.38153625,17.3215445,6.44951125,8.278054
11,F,1.0875,0.875,0.3,12.99824575,5.443104,2.83495,3.685435
9,F,1.5125,1.1375,0.3625,24.437269,9.468733,5.62737575,8.50485
20,F,1.7,1.425,0.5125,52.219779,17.7184375,11.566596,18.427175
11,F,1.5625,1.2875,0.3875,32.98464325,13.82038125,7.3425205,10.0640725
9,F,1.45,1.0875,0.35,27.0170735,13.4660125,6.13766675,5.93922025
10,F,1.3125,1.0375,0.375,20.00057225,9.3269855,4.1673765,5.6415505
9,F,1.5375,1.1625,0.375,26.1665885,13.08329425,5.17378375,6.84640425
10,F,1.625,1.2625,0.4375,34.23202125,14.47241975,7.427569,11.056305
11,F,1.0625,0.8625,0.275,10.39009175,3.5436875,2.2963095,3.3168915
9,F,1.6,1.2,0.4875,32.41765325,13.93377925,6.64795775,10.0073735
19,F,1.3625,1.025,0.2875,19.17843675,8.221355,4.479221,6.23689
11,F,1.5625,1.225,0.5,39.19318375,16.71203025,8.0796075,10.8011595
13,F,1.5625,1.3125,0.4875,38.328524,12.77144975,6.93145275,15.025235
10,F,1.5,1.175,0.375,26.138239,10.2908685,5.499803,8.6465975
9,F,1.6125,1.25,0.375,32.8570705,13.25339125,9.51125725,8.788345
13,F,1.65,1.325,0.425,37.591437,14.7133905,7.44174375,12.47378
12,F,1.4875,1.1625,0.3625,31.3828965,11.396499,6.84640425,8.788345
11,F,1.625,1.2375,0.4375,34.7848365,14.968536,7.314171,10.489315
10,F,1.5375,1.2125,0.4,32.81454625,14.18892475,7.07320025,8.9300925
9,F,1.45,1.15,0.4375,33.0271675,18.427175,6.25106475,8.66077225
7,F,1.4375,1.15,0.3625,28.19357775,13.210867,6.4920355,7.5126175
13,F,1.5125,1.15,0.425,31.808139,9.8372765,8.63242275,8.9300925
10,F,1.6625,1.25,0.375,35.36600125,13.11164375,8.37727725,10.19164525
12,F,1.675,1.325,0.5125,39.73182425,18.2287285,6.98815175,11.793392
12,F,1.2875,1.0875,0.425,17.8885345,7.83863675,3.1467945,6.123492
13,F,1.4625,1.1625,0.35,25.741346,10.8011595,4.57844425,8.9300925
6,F,1.1125,0.8375,0.275,12.34620725,5.74077375,3.10427025,3.38776525
10,F,1.325,1.025,0.325,19.74542675,8.561549,5.48562825,5.6699
15,F,1.725,1.35,0.4625,44.55123925,19.66037825,9.015141,13.324265
13,F,1.1875,0.9375,0.35,14.2030995,5.443104,3.33106625,4.9611625
11,F,1.2625,0.9625,0.2875,17.463292,6.8889285,3.04757125,5.953395
13,F,1.2125,0.9375,0.3625,16.68368075,6.76135575,3.27436725,5.386405
10,F,1.55,1.2125,0.4375,34.45881725,15.4504775,7.1724235,9.7805775
10,F,1.4875,1.1625,0.3625,22.55202725,9.70970375,5.08873525,6.87475375
13,F,1.475,1.1625,0.4,31.19862475,14.344847,7.15824875,8.3631025
10,F,1.5875,1.1875,0.375,33.57998275,15.1102835,8.7032965,8.2497045
9,F,1.0875,0.9875,0.2625,10.30504325,3.855532,2.778251,3.685435
11,F,1.1,0.8875,0.2875,11.7650425,4.49339575,2.62232875,3.7137845
10,F,1.175,0.9,0.3,13.53688625,5.96756975,2.99087225,4.252425
9,F,1.55,1.1875,0.4,37.54891275,19.46193175,6.6054335,9.28446125
7,F,1.8,1.3125,0.45,40.9650275,17.8885345,9.11436425,12.3320325
9,F,1.3625,1.1125,0.375,22.6796,10.02154825,4.6209685,5.8683465
9,F,1.25,0.925,0.3375,12.757275,4.86193925,2.99087225,4.3941725
17,F,1.35,1.1,0.3375,27.1871705,6.76135575,6.2652395,8.50485
10,F,1.5875,1.2625,0.3625,32.16250775,14.3164975,7.52679225,8.9300925
10,F,1.2,1.0125,0.325,18.07280625,7.8528115,4.09650275,5.953395
13,F,1.6375,1.3,0.4375,41.730464,17.78931125,7.654365,12.757275
12,F,1.4125,1.2625,0.525,36.18813675,14.2030995,7.9095105,10.0640725
13,F,1.6,1.1875,0.475,32.6302745,12.37455675,7.9662095,10.78698475
11,F,1.475,1.1875,0.3875,27.54153925,10.5176645,6.6621325,7.93786
13,F,1.6875,1.375,0.475,43.9700745,20.14231975,10.44679075,11.679994
14,F,1.675,1.35,0.4125,42.56677425,14.685041,10.149121,14.3164975
20,F,1.6875,1.3625,0.4875,49.17220775,19.40523275,10.47514025,17.1514475
10,F,1.55,1.2,0.4125,28.70386875,15.09610875,12.37455675,9.185238
9,F,1.1,0.875,0.3125,11.43902325,4.9611625,1.7860185,3.6570855
12,F,1.65,1.25,0.3875,39.02308675,18.38465075,8.164656,9.4970825
8,F,1.4375,1.0875,0.375,29.21415975,13.05494475,6.180191,10.20582
11,F,1.4625,1.05,0.3875,29.313383,12.3887315,6.30776375,9.07184
15,F,1.175,0.9,0.3625,15.2236815,4.89028875,3.89805625,5.5281525
14,F,1.75,1.4375,0.425,37.137845,14.44407025,8.901743,11.90679
11,F,1.525,1.1875,0.375,31.56716825,14.72756525,7.29999625,8.51902475
17,F,1.3,1.0125,0.35,23.17571625,7.92368525,5.1879585,7.37087
4,F,1.35,1.0375,0.4375,25.44367625,7.7961125,6.8322295,7.7961125
8,F,1.2875,1.075,0.35,23.643483,10.4042665,5.6699,6.520385
10,F,1.4375,1.125,0.4,30.277266,15.762322,6.066793,7.29999625
10,F,1.6125,1.3125,0.425,38.838815,17.39241825,8.0229085,9.63883
11,F,1.6375,1.2875,0.425,43.2896865,24.05455075,7.47009325,9.3836845
11,F,1.2,0.95,0.3375,14.3731965,5.42892925,3.86970675,4.3941725
9,F,1.2375,1.025,0.3125,21.41804725,9.51125725,3.6570855,6.066793
10,F,1.4875,1.1625,0.375,27.78251,11.66581925,5.556502,6.39281225
10,F,1.1375,0.875,0.35,16.23008875,5.57067675,3.75630875,4.9611625
10,F,1.425,1.0875,0.375,23.51591025,10.98543125,4.422522,6.9456275
12,F,1.2,0.9375,0.2625,14.8834875,6.19436575,3.38776525,4.3941725
7,F,1.2375,0.925,0.3,16.839603,7.93786,3.118445,3.89805625
7,F,0.7625,0.575,0.2,4.422522,1.91359125,0.97805775,1.360776
13,F,1.475,1.1125,0.325,32.10580875,10.84368375,6.633783,9.07184
9,F,1.45,1.125,0.4875,23.43086175,11.43902325,4.9044635,6.3786375
11,F,1.7,1.275,0.5,45.57182125,20.241543,9.6104805,13.33843975
8,F,1,0.8,0.275,10.0073735,3.98310475,2.79242575,2.83495
14,F,1.5125,1.2125,0.4125,30.43318825,12.3887315,5.8116475,9.355335
8,F,1.6,1.25,0.375,30.34813975,10.5176645,7.66853975,10.20582
11,F,1.4625,1.1375,0.425,28.19357775,12.06271225,7.4559185,8.06543275
10,F,1.6125,1.3,0.4375,37.83240775,18.9091165,7.55514175,10.0640725
10,F,1.5,1.1875,0.3875,34.302895,18.5122235,4.80524025,9.08601475
11,F,1.475,1.175,0.425,25.51455,10.0640725,5.40057975,7.087375
19,F,1.4125,1.1375,0.4375,28.7180435,9.695529,5.8683465,9.922325
9,F,1.6,1.225,0.45,38.55532,18.5122235,9.8372765,8.6465975
9,F,1.675,1.35,0.5,41.39027,18.24290325,9.298636,11.80756675
10,F,1.5875,1.2875,0.475,38.88133925,14.35902175,8.6465975,12.757275
12,F,1.7,1.2875,0.4375,45.88366575,14.52911875,11.5949455,17.57669
9,F,1.525,1.25,0.45,40.766581,14.69921575,10.58853825,9.48290775
10,F,1.5125,1.1625,0.3875,31.18445,15.5071765,7.55514175,7.32834575
16,F,1.625,1.2875,0.5375,42.467551,15.989118,9.1568885,12.0485375
27,F,1.375,1.1625,0.45,34.37376875,9.19941275,5.8116475,14.8834875
17,F,1.425,1.1,0.35,27.03124825,10.73028575,5.6982495,8.6465975
10,F,1.225,0.95,0.3125,15.5638755,6.9456275,3.04757125,4.932813
9,F,1.325,1.0125,0.325,18.01610725,7.47009325,4.43669675,5.2446575
18,F,1.4375,1.125,0.425,29.69610125,10.70193625,4.83358975,10.9145575
12,F,1.525,1.2375,0.4625,31.42542075,10.50348975,8.88756825,9.355335
11,F,1.4625,1.15,0.375,28.44872325,14.2597985,5.96756975,7.12989925
12,F,1.675,1.3125,0.4875,38.838815,17.19397175,8.37727725,11.5382465
11,F,1.75,1.375,0.425,47.740558,21.36134825,9.25611175,9.07184
6,F,0.8625,0.625,0.225,5.7549485,2.211261,1.6726205,1.5592225
10,F,1.3,1.0625,0.375,23.0481435,10.9145575,5.71242425,6.520385
13,F,0.975,0.75,0.25,7.5126175,3.04757125,1.70097,2.45223175
6,F,0.725,0.525,0.1875,7.7961125,3.2034935,1.91359125,0.9922325
14,F,1.6875,1.3375,0.55,45.472598,17.50581625,12.06271225,12.8423235
11,F,1.675,1.3,0.4875,51.21337175,21.488921,10.58853825,14.33067225
10,F,1.575,1.225,0.5625,37.874932,19.29183475,7.3425205,9.19941275
13,F,1.125,0.9,0.3125,14.16057525,5.76912325,2.83495,4.819415
11,F,1.55,1.2375,0.425,30.107169,10.546014,6.0384435,9.63883
12,F,1.2625,0.9375,0.45,16.102516,6.59125875,4.23825025,4.819415
13,F,1.6625,1.425,0.4625,43.147939,19.74542675,8.57572375,11.4815475
6,F,1.325,1.05,0.425,23.473386,11.623295,5.896696,4.26659975
10,F,1.425,1.1125,0.3875,28.8314415,14.92601175,5.74077375,7.5126175
19,F,1.7625,1.3875,0.5,41.63124075,13.36678925,9.17106325,14.74174
8,F,1.5875,1.25,0.475,36.570855,16.8112535,8.63242275,9.979024
18,F,1.3625,1.0125,0.4375,27.78251,7.32834575,5.8683465,10.77281
12,F,1.175,0.8875,0.35,12.2753335,4.32329875,2.6932025,4.309124
14,F,1.525,1.175,0.3625,32.6869735,11.4248485,8.391452,9.07184
5,F,0.6875,0.4875,0.175,2.26796,0.8788345,0.60951425,0.7087375
12,F,1.65,1.3375,0.4375,43.02036625,20.1564945,8.85921875,11.7650425
10,F,1.6875,1.275,0.4875,39.179009,17.13727275,9.00096625,11.24057675
6,F,1.175,0.9,0.275,14.07552675,6.7188315,3.6003865,3.685435
8,F,1.15,1.0625,0.3875,21.148727,8.51902475,4.309124,6.80388
9,F,1.5625,1.225,0.3875,31.6096925,13.721158,7.8528115,8.77417025
10,F,1.6625,1.2875,0.45,39.3774555,16.85377775,9.185238,11.1980525
11,F,1.225,0.925,0.2875,15.3370795,4.8477645,3.33106625,5.2446575
8,F,1.4,1.075,0.375,24.79163775,12.8423235,4.5642695,6.23689
11,F,1.1125,0.8875,0.375,13.7495075,5.1312595,3.5436875,4.3941725
9,F,1.2875,0.975,0.325,16.31513725,5.59902625,3.685435,5.23048275
11,F,1.675,1.35,0.4875,45.8978405,20.97863,9.36950975,13.1825175
13,F,1.275,0.95,0.325,16.556108,6.350288,3.84135725,5.2446575
10,F,1.225,0.9125,0.3625,17.98775775,5.65572525,4.60679375,6.23689
13,F,1.675,1.3,0.475,37.42134,14.84096325,8.77417025,12.11941125
11,F,1.3625,1.1,0.4375,21.95668775,8.46232575,5.31553125,7.5126175
8,F,1.475,1.15,0.3625,28.08017975,12.8423235,6.25106475,7.7961125
10,F,1.6125,1.25,0.3875,34.60056475,17.42076775,6.690482,9.02931575
11,F,1.125,0.875,0.3125,12.57300325,5.2446575,2.551455,4.1106775
11,F,1.6375,1.2875,0.3875,37.1094955,14.855138,9.808927,10.9145575
12,F,1.85,1.4125,0.5125,60.0725905,27.37144225,14.69921575,13.664459
9,F,1.275,0.925,0.525,33.5374585,14.401546,8.278054,9.7238785
11,F,1.7,1.375,0.4375,41.7588135,20.2131935,7.994559,12.17611025
10,F,1.325,0.9625,0.3125,18.97999025,8.1930055,4.2807745,5.10291
12,F,1.525,1.175,0.4875,36.10308825,13.2959155,9.39785925,11.283101
11,F,1.7125,1.35,0.4,47.27279125,23.6151335,10.70193625,13.4660125
9,F,1.5875,1.2625,0.425,35.81959325,14.514944,9.128539,10.0640725
7,F,1.45,1.15,0.375,31.62386725,15.80484625,6.39281225,8.221355
8,F,1.4875,1.0875,0.375,25.51455,11.83591625,4.819415,7.5126175
8,F,1.575,1.1875,0.375,30.390664,12.2753335,8.43397625,8.9300925
11,F,1.6125,1.25,0.5,40.49726075,18.1153305,8.6465975,10.20582
7,F,1.15,0.9375,0.3,13.05494475,5.03203625,3.118445,4.252425
10,F,1.2625,1.0125,0.4,19.37688325,7.6827145,4.1106775,6.0951425
9,F,1.425,1.125,0.45,25.741346,11.38232425,6.1518415,7.2291225
10,F,1.3,1.025,0.3125,19.80212575,8.34892775,4.60679375,6.0951425
12,F,1.55,1.2875,0.3875,37.57726225,18.95164075,7.38504475,9.4970825
11,F,1.2625,1.025,0.375,18.257078,8.0796075,4.1106775,5.953395
12,F,1.5875,1.25,0.4375,41.8722115,19.391058,8.51902475,11.056305
10,F,1.6375,1.275,0.4375,40.1145425,16.68368075,10.56018875,10.319218
10,F,1.675,1.375,0.3875,44.395317,24.323871,9.6104805,10.035723
12,F,1.825,1.4375,0.4625,53.28288525,26.3933845,10.77281,13.67863375
11,F,1.75,1.4,0.4375,47.07434475,24.39474475,9.28446125,11.283101
9,F,0.925,0.725,0.2875,7.087375,3.1467945,1.6159215,2.1262125
13,F,1.725,1.3625,0.5125,54.7995835,22.26853225,12.1619355,14.118051
9,F,1.5375,1.175,0.3875,30.730858,16.68368075,5.9250455,6.973977
14,F,1.3,1.025,0.425,24.67823975,10.58853825,6.2085405,7.087375
11,F,1.6625,1.2875,0.4625,38.00250475,15.86154525,8.3064035,12.40290625
9,F,1.4625,1.15,0.4125,29.993771,13.777857,7.087375,8.334753
9,F,1.4875,1.15,0.35,28.47707275,13.19669225,5.93922025,7.12989925
11,F,1.4125,1.125,0.4125,25.1460065,10.489315,6.7755305,7.0590255
17,F,1.6625,1.3375,0.475,42.410852,16.37183625,7.98038425,13.4660125
16,F,1.85,1.5,0.4875,55.961913,16.953001,11.58077075,20.128145
8,F,1.6,1.1875,0.35,30.40483875,13.87708025,6.50621025,8.788345
16,F,1.5375,1.25,0.5125,31.34037225,12.60135275,6.4353365,11.056305
9,F,1.675,1.2625,0.5125,38.68289275,17.22232125,8.57572375,10.0073735
9,F,1.5875,1.275,0.425,34.68561325,15.081934,7.6827145,10.035723
9,F,1.175,0.9125,0.3,15.3937785,6.50621025,4.23825025,4.252425
8,F,1,0.75,0.2875,8.57572375,3.78465825,1.31825175,2.65067825
9,F,1.5,1.1875,0.4,29.10076175,13.7495075,7.07320025,7.27164675
9,F,1.375,1.0125,0.3125,18.4555245,8.40562675,3.8838815,5.6699
9,F,1.65,1.2625,0.475,39.81687275,17.73261225,9.56795625,10.61688775
12,F,1.4875,1.125,0.4125,30.6458095,13.891255,7.15824875,7.9095105
12,F,1.85,1.4375,0.55,57.039194,25.27357925,14.92601175,13.3526145
17,F,1.325,1.05,0.325,28.3778495,9.63883,6.406987,7.5126175
14,F,1.875,1.525,0.5875,71.11472075,34.926584,14.7133905,17.349894
6,F,1.1875,0.9,0.3,16.76872925,9.19941275,3.118445,3.6003865
9,F,1.25,0.9875,0.375,20.25571775,9.17106325,4.9044635,5.5281525
15,F,1.6125,1.25,0.5625,46.096287,16.6411565,11.49572225,11.623295
13,F,1.325,1.0625,0.325,20.3265915,5.99591925,4.706017,7.2291225
10,F,1.675,1.4625,0.4,37.1094955,15.43630275,8.34892775,11.7083435
10,F,1.7625,1.325,0.425,44.338618,17.349894,11.169703,12.47378
14,F,1.375,1.0625,0.3375,24.13959925,10.262519,5.556502,7.654365
10,F,1.2125,0.9375,0.3375,15.762322,5.45727875,3.72795925,4.77689075
11,F,1.65,1.2625,0.4625,43.318036,19.561155,8.57572375,12.5021295
8,F,1.325,1.0125,0.375,25.2027055,11.49572225,6.44951125,6.0951425
11,F,1.5,1.1625,0.4,32.1199835,13.210867,8.17883075,8.448151
8,F,1.525,1.175,0.4,30.46153775,13.96212875,6.690482,8.221355
11,F,1.075,0.8125,0.2875,10.95708175,4.18155125,3.01922175,3.118445
17,F,1.725,1.4,0.5375,48.7327905,19.27766,8.4765005,13.324265
13,F,1.45,1.1375,0.4125,32.21920675,10.4609655,8.51902475,7.7961125
12,F,1.625,1.25,0.4125,32.44600275,13.7495075,6.180191,10.3475675
9,F,1.5,1.175,0.425,30.63163475,14.16057525,6.36446275,9.08601475
12,F,1.3,1.025,0.2875,22.8780465,8.09378225,5.0745605,6.6621325
14,F,1.4375,1.2125,0.4125,29.49765475,11.8784405,7.484268,8.50485
11,F,1.5625,1.3,0.45,38.385223,13.73533275,9.9506745,10.6310625
11,F,1.5,1.125,0.35,24.6357155,9.70970375,5.5281525,8.2497045
12,F,1.3125,1.1,0.375,23.88445375,10.44679075,5.62737575,6.80388
10,F,1.7625,1.3375,0.55,52.900167,26.3366855,10.87203325,12.45960525
10,F,1.3125,1.075,0.4125,20.3265915,8.1930055,4.94698775,5.5281525
11,F,1.6375,1.35,0.5375,44.09764725,19.7029025,8.391452,12.587178
13,F,1.3875,1.05,0.35,24.607366,9.355335,6.8889285,5.953395
12,F,1.6125,1.3,0.475,37.15201975,16.44271,8.164656,10.489315
11,F,1.45,1.125,0.3875,26.365035,10.9145575,6.973977,7.5126175
11,F,1.625,1.3,0.4875,46.13881125,19.5328055,11.07047975,12.246984
8,F,1.4125,1,0.325,19.77377625,8.71747125,4.72019175,5.10291
13,F,1.1875,0.875,0.2875,13.8062065,5.499803,4.12485225,3.5436875
12,F,1.4875,1.1375,0.3875,30.06464475,14.55746825,6.13766675,8.50485
9,F,1.4,1.1,0.3875,27.51318975,12.23280925,7.4559185,7.2291225
10,F,1.575,1.2375,0.475,33.04134225,15.195332,5.99591925,4.60679375
6,F,1.4875,1.1875,0.4,32.33260475,15.5071765,6.5487345,7.6827145
15,F,1.7,1.4,0.4125,46.4648305,17.16562225,7.95203475,13.04077
9,F,1.4125,1.1,0.375,27.8675585,12.68640125,6.67630725,7.04485075
12,F,1.4625,1.1625,0.425,28.10852925,10.95708175,6.350288,7.5126175
10,F,1.4875,1.1,0.3375,27.328918,14.18892475,4.86193925,7.29999625
10,F,1.5375,1.2375,0.4125,33.962701,15.35125425,8.12213175,9.02931575
12,F,1.0625,0.8125,0.3375,10.829509,4.15320175,2.2396105,3.96893
10,F,1.6125,1.275,0.3875,32.0065855,14.21727425,6.80388,9.695529
12,F,1.4375,1.125,0.4,27.71163625,8.88756825,6.5487345,9.355335
19,F,1.725,1.3875,0.5125,51.49686675,22.07008575,12.45960525,14.5999925
8,F,1.0375,0.7625,0.325,9.07184,3.69960975,2.14038725,2.9766975
19,F,1.2625,1.0625,0.35,24.097075,7.7961125,4.60679375,8.0796075
17,F,1.5375,1.25,0.4125,33.35318675,13.834556,6.917278,9.7805775
10,F,1.6375,1.3125,0.4375,38.215126,16.59863225,7.38504475,11.169703
9,F,1.5125,1.175,0.3875,27.612413,11.1413535,6.350288,9.48290775
22,F,1.6,1.3125,0.5375,50.4337605,12.85649825,8.09378225,15.592225
11,F,1.65,1.325,0.4625,38.158427,15.478827,7.66853975,13.494362
12,F,1.25,0.9625,0.2875,19.23513575,8.34892775,3.912231,5.5281525
6,F,1.7375,1.3375,0.4375,38.5836695,15.49300175,7.98038425,13.1825175
9,F,1.3125,1.05,0.4,21.432222,7.78193775,4.9044635,7.7961125
11,F,1.5625,1.225,0.3875,34.26037075,13.1825175,4.592619,11.6516445
18,F,1.4125,1.2,0.4375,27.1304715,11.01378075,6.0951425,7.7961125
10,F,1.5125,1.225,0.375,32.16250775,12.20445975,7.15824875,9.922325
11,F,2,1.575,0.4875,71.610837,26.4500835,16.726205,17.57669
11,F,1.8125,1.5,0.5,49.2430815,19.7596015,10.16329575,16.8679525
11,F,1.025,0.8,0.2875,10.9712565,4.6776675,2.84912475,2.79242575
11,F,1.6,1.25,0.425,43.02036625,19.6462035,9.241937,11.5949455
16,F,1.1625,0.9375,0.3375,17.0097,6.30776375,3.6570855,6.520385
9,F,1.125,0.8375,0.2625,12.0485375,5.28718175,2.5798045,3.2601925
11,F,1.25,0.9375,0.2875,16.85377775,5.2446575,4.195726,5.386405
11,F,1.4875,1.075,0.525,43.21881275,18.5122235,11.226402,11.623295
9,F,1.1875,0.9,0.3125,12.6722265,4.80524025,2.2963095,3.96893
19,F,1.7,1.45,0.5,50.6605565,16.5844575,12.8423235,17.0097
8,F,1.5,1.25,0.3875,37.761534,17.67591325,8.03708325,9.922325
